Workbook

Sheet Agents' Final Roster 0913-0919
A1: ACM | B1: Supervisor | C1: Last Name | D1: First Name | E1: Horario Enroque | F1: Tuesday | G1: ACDID | H1: Agent´s Payroll Number | I1: CCMSID | J1: LOB | K1: Secondary Skill | L1: Supervisor´s Payroll Numer | M1: ACM´s Payroll Number | N1: NT Loguin | O1: User #1 | P1: WAHA desde | Q1: Telephone Number | R1: DNI | S1: CUIL | T1: TPARG Hire Date | U1: Project Hire Date | V1: Production Hire Date | W1: Tenure | X1: Site | Y1: Extensión | Z1: WAHA | AA1: Horario Original
A2: Campero Juarez Maria Guadalupe | B2: Arias Juan José | C2: Bautista Boloña | D2: Luciana Florencia | E2: 15:00 - 20:00 | F2: 15:00 - 20:00 | G2: 89206 | H2: 87043 | I2: 3409624 | J2: CSV2 | K2: CSV2 | L2: 84825 | M2: 74054 | N2: bautistabolona.5 | O2: VCTLUBAU | P2: 43916 | Q2: 381-155811017 | R2: 35517416 | S2: 27355174161 | T2: 43668 | U2: 43669 | V2: 43678 | W2: 417 | X2: Campus Casino | Y2: 89953 | Z2: SI | AA2: (Hs Orig 15:00 - 20:00 OFF Dom Sab)
A3: Campero Juarez Maria Guadalupe | B3: Arias Juan José | C3: Albornoz Perez | D3: Jose Ezequiel | E3: Approved OFF | F3: Approved OFF | G3: 648060 | H3: 88037 | I3: 3553112 | J3: DVH | K3: CSV1 | L3: 84825 | M3: 74054 | N3: albornozperez.5 | O3: VCTJOALB | P3: 43943 | Q3: 03814655139 | R3: 39972625 | S3: 20-39972625-6 | T3: 43942 | U3: 43942 | V3: 43943 | W3: 148 | X3: Campus Casino | Y3: 89999 | Z3: SI | AA3: (Hs Orig 15:00 - 20:00 OFF Dom Sab)
A4: Campero Juarez Maria Guadalupe | B4: Podazza Villagra Daniel Matias | C4: Ale | D4: Rocío Agustina | E4: 15:00 - 21:00 | F4: 15:00 - 21:00 | G4: 648302 | H4: 87695 | I4: 3526421 | J4: Servicios web | K4: CSV1 | L4: 80740 | M4: 74054 | N4: ale.32 | O4: VCTROALE | P4: 43955 | Q4: 381 620 2108 | R4: 41299917 | S4: 27412999172 | T4: 43745 | U4: 43945 | V4: 43956 | W4: 342 | X4: Campus Casino | Y4: 89987 | Z4: SI | AA4: (Hs Orig 15:00 - 21:00 OFF Dom Sab)
A5: Campero Juarez Maria Guadalupe | B5: Podazza Villagra Daniel Matias | C5: Aragón | D5: Maria Celeste | E5: LOA | F5: LOA | G5: 648303 | H5: 87688 | I5: 1546296 | J5: Compras Referidas | K5: CSV1 | L5: 80740 | M5: 74054 | N5: aragon.180 | O5: VCTMAARA | P5: 43955 | Q5: 381 550 4635 | R5: 36231401 | S5: 27362314017 | T5: 43745 | U5: 43945 | V5: 43956 | W5: 342 | X5: Campus Casino | Y5: 89992 | Z5: SI | AA5: (Hs Orig 15:00 - 21:00 OFF Dom Sab)
A6: Campero Juarez Maria Guadalupe | B6: Arias Juan José | C6: Brito | D6: Jesus Exequiel | E6: 15:00 - 21:00 | F6: 15:00 - 21:00 | G6: 89069 | H6: 82613 | I6: 2313015 | J6: CSV3 | K6: CSV3 | L6: 84825 | M6: 74054 | N6: brito.272 | O6: VCTJEBRI | P6: 43917 | Q6: 03865-15419891 | R6: 37311054 | S6: 20373110540 | T6: 42688 | U6: 43369 | V6: 43403 | W6: 1385 | X6: Campus Casino | Y6: 89924 | Z6: SI | AA6: (Hs Orig 15:00 - 21:00 OFF Dom Sab)
A7: Campero Juarez Maria Guadalupe | B7: Arias Juan José | C7: Carabajal | D7: Priscila Daiana | E7: 15:00 - 21:00 | F7: 15:00 - 21:00 | G7: 89118 | H7: 86145 | I7: 2358095 | J7: CSV3 | K7: CSV3 | L7: 84825 | M7: 74054 | N7: carabajal.35 | O7: VCTPRCAR | P7: 43917 | Q7: 381-153508762 | R7: 39141166 | S7: 27391411668 | T7: 43437 | U7: 43437 | V7: 43448 | W7: 646 | X7: Campus Casino | Y7: 89925 | Z7: SI | AA7: (Hs Orig 15:00 - 21:00 OFF Dom Sab)
A8: Campero Juarez Maria Guadalupe | B8: Arias Juan José | C8: Casares | D8: Diego Jesus | E8: 15:00 - 21:00 | F8: 15:00 - 21:00 | G8: 89061 | H8: 81099 | I8: 1880623 | J8: VIP | K8: VIP/ HD | L8: 84825 | M8: 74054 | N8: casares.15 | O8: VCTDICAS | P8: 43916 | Q8: 0381-154629051 | R8: 37656704 | S8: 20376567045 | T8: 42310 | U8: 43327 | V8: 43328 | W8: 1757 | X8: Campus Casino | Y8: 89926 | Z8: SI | AA8: (Hs Orig 15:00 - 21:00 OFF Dom Sab)
A9: Campero Juarez Maria Guadalupe | B9: Podazza Villagra Daniel Matias | C9: Cejas | D9: Ignacio Martin | E9: 15:00 - 21:00 | F9: 15:00 - 21:00 | G9: 648306 | H9: 87262 | I9: 2837797 | J9: Compras Referidas | K9: CSV1 | L9: 80740 | M9: 74054 | N9: cejasguijarro.5 | O9: VCTIGCEJ | P9: 43955 | Q9: 381-154049900 | R9: 41059943 | S9: 20410599431 | T9: 43692 | U9: 43945 | V9: 43956 | W9: 394 | X9: Campus Casino | Y9: 89989 | Z9: SI | AA9: (Hs Orig 15:00 - 21:00 OFF Dom Sab)
A10: Campero Juarez Maria Guadalupe | B10: Podazza Villagra Daniel Matias | C10: Cisneros | D10: Roxana Natalia | E10: 15:00 - 21:00 | F10: 15:00 - 21:00 | G10: 89237 | H10: 87304 | I10: 3462502 | J10: Servicios web | K10: CSV1 | L10: 80740 | M10: 74054 | N10: cisneros.153 | O10: VCTROCIS | P10: 43915 | Q10: 3815811118 | R10: 30759743 | S10: 27307597433 | T10: 43703 | U10: 43703 | V10: 43713 | W10: 383 | X10: Campus Casino | Y10: 89875 | Z10: SI | AA10: (Hs Orig 15:00 - 21:00 OFF Dom Sab)
A11: Campero Juarez Maria Guadalupe | B11: Arias Juan José | C11: Corbera | D11: Elena Beatriz | E11: 15:00 - 21:00 | F11: 15:00 - 21:00 | G11: 89227 | H11: 87314 | I11: 3462518 | J11: CSV2 | K11: CSV2 | L11: 84825 | M11: 74054 | N11: corbera.8 | O11: VCTELCOR | P11: 43916 | Q11: 3816363464 | R11: 32200145 | S11: 27322001458 | T11: 43703 | U11: 43703 | V11: 43713 | W11: 383 | X11: Campus Casino | Y11: 89928 | Z11: SI | AA11: (Hs Orig 15:00 - 21:00 OFF Dom Sab)
A12: Campero Juarez Maria Guadalupe | B12: Arias Juan José | C12: Escobar | D12: Marcos Nahuel | E12: 15:00 - 21:00 | F12: 15:00 - 21:00 | G12: 89121 | H12: 86155 | I12: 2783079 | J12: CSV3 | K12: CSV3 | L12: 84825 | M12: 74054 | N12: escobar.21 | O12: VCTMAESC | P12: 43916 | Q12: 381-156538022 | R12: 38741741 | S12: 23387417419 | T12: 43437 | U12: 43437 | V12: 43448 | W12: 646 | X12: Campus Casino | Y12: 89930 | Z12: SI | AA12: (Hs Orig 15:00 - 21:00 OFF Dom Sab)
A13: Campero Juarez Maria Guadalupe | B13: Arias Juan José | C13: Juarez | D13: Carlos Luciano | E13: 15:00 - 21:00 | F13: 15:00 - 21:00 | G13: 89125 | H13: 86141 | I13: 3118306 | J13: VIP | K13: VIP | L13: 84825 | M13: 74054 | N13: Juarez.286 | O13: VCTCAJUA | P13: 43945 | Q13: 381-155399372 | R13: 40437730 | S13: 20404377303 | T13: 43437 | U13: 43437 | V13: 43448 | W13: 646 | X13: Campus Casino | Y13: 89932 | Z13: SI | AA13: (Hs Orig 15:00 - 21:00 OFF Dom Sab)
A14: Campero Juarez Maria Guadalupe | B14: Arias Juan José | C14: Muratore | D14: Daiana Gabriela | E14: 15:00 - 21:00 | F14: 15:00 - 21:00 | G14: 89053 | H14: 82401 | I14: 1063468 | J14: CSV2 | K14: CSV2 | L14: 84825 | M14: 74054 | N14: muratore.9 | O14: VCTDAMUR | P14: 43945 | Q14: 0381-153499565 | R14: 37311904 | S14: 27373119046 | T14: 42625 | U14: 43327 | V14: 43328 | W14: 1447 | X14: Campus Casino | Y14: 89933 | Z14: SI | AA14: (Hs Orig 15:00 - 21:00 OFF Dom Sab)
A15: Campero Juarez Maria Guadalupe | B15: Arias Juan José | C15: Nunez | D15: Marcelo Nahuel | E15: 15:00 - 21:00 | F15: 15:00 - 21:00 | G15: 89164 | H15: 86296 | I15: 3133293 | J15: VIP | K15: VIP | L15: 84825 | M15: 74054 | N15: nuez.128 | O15: VCTMANUN | P15: 43916 | Q15: 0381-156179830 | R15: 42221286 | S15: 20422212869 | T15: 43451 | U15: 43451 | V15: 43467 | W15: 632 | X15: Campus Casino | Y15: 89934 | Z15: SI | AA15: (Hs Orig 15:00 - 21:00 OFF Dom Sab)
A16: Campero Juarez Maria Guadalupe | B16: Arias Juan José | C16: Ortiz | D16: Silvina Gabriela | E16: 15:00 - 21:00 | F16: 15:00 - 21:00 | G16: 89027 | H16: 85614 | I16: 2873639 | J16: CSV3 | K16: CSV3 | L16: 84825 | M16: 74054 | N16: ortiz.710 | O16: VCTSIORT | P16: 43917 | Q16: 0381-154061434 | R16: 38115785 | S16: 27381157852 | T16: 43227 | U16: 43259 | V16: 43262 | W16: 852 | X16: Campus Casino | Y16: 89935 | Z16: SI | AA16: (Hs Orig 15:00 - 21:00 OFF Dom Sab)
A17: Campero Juarez Maria Guadalupe | B17: Arias Juan José | C17: Pockorny | D17: Tomás Agustín | E17: 15:00 - 21:00 | F17: 15:00 - 21:00 | G17: 89024 | H17: 85621 | I17: 2873911 | J17: HD | K17: CSV3/ HD | L17: 84825 | M17: 74054 | N17: pockorny.5 | O17: VCTTOPOC | P17: 43916 | Q17: 0381-156539796 | R17: 38185380 | S17: 20381853803 | T17: 43227 | U17: 43259 | V17: 43262 | W17: 852 | X17: Campus Casino | Y17: 89937 | Z17: SI | AA17: (Hs Orig 15:00 - 21:00 OFF Dom Sab)
A18: Campero Juarez Maria Guadalupe | B18: Podazza Villagra Daniel Matias | C18: Quiroga | D18: Marianella Stefania | E18: 15:00 - 21:00 | F18: 15:00 - 21:00 | G18: 648315 | H18: 87719 | I18: 3526375 | J18: Servicios web | K18: CSV1 | L18: 80740 | M18: 74054 | N18: quiroga.96 | O18: VCTMAQUI | P18: 43955 | Q18: 381 614 5326 | R18: 35548816 | S18: 27355488166 | T18: 43745 | U18: 43945 | V18: 43956 | W18: 342 | X18: Campus Casino | Y18: 89986 | Z18: SI | AA18: (Hs Orig 15:00 - 21:00 OFF Dom Sab)
A19: Campero Juarez Maria Guadalupe | B19: Arias Juan José | C19: Yapura | D19: Cintia Elena del Valle | E19: 09:00 - 15:00 | F19: 15:00 - 21:00 | G19: 89059 | H19: 85474 | I19: 2832262 | J19: VIP | K19: VIP/ HD | L19: 84825 | M19: 74054 | N19: yapura.5 | O19: VCTCIYAP | P19: 43910 | Q19: 0381-155060573 | R19: 40696111 | S19: 27406961112 | T19: 43193 | U19: 43327 | V19: 43328 | W19: 886 | X19: Campus Casino | Y19: 89939 | Z19: SI | AA19: (Hs Orig 15:00 - 21:00 OFF Dom Sab)
A20: Ortiz Jose María | B20: Bachur Karim | C20: Albornoz | D20: Luciana de los Angeles | E20: 15:00 - 21:00 | F20: 15:00 - 21:00 | G20: 648408 | H20: 89161 | I20: 3436665 | J20: TLMK | K20: DVH | L20: 83851 | M20: 64118 | N20: albornoz.77 | O20: VCTLUALB | R20: 31354102 | S20: 27-31354102-4 | T20: 44046 | U20: 44046 | V20: 44057 | W20: 46 | X20: Campus Casino | Z20: On Site | AA20: (Hs Orig 15:00 - 21:00 OFF Dom Sab)
A21: Ortiz Jose María | B21: Bachur Karim | C21: Avellaneda | D21: Rocío Mariel | E21: LOA | F21: LOA | G21: 648410 | H21: 89155 | I21: 3320633 | J21: TLMK | K21: DVH | L21: 83851 | M21: 64118 | N21: avellaneda.34 | O21: VCTROAVE | R21: 42371665 | S21: 27-42371665-2 | T21: 44046 | U21: 44046 | V21: 44057 | W21: 46 | X21: Campus Casino | Z21: On Site | AA21: (Hs Orig 15:00 - 21:00 OFF Dom Sab)
A22: Ortiz Jose María | B22: Bachur Karim | C22: Baez Silberstein | D22: Santiago | E22: 15:00 - 21:00 | F22: 15:00 - 21:00 | G22: 648411 | H22: 89154 | I22: 3851241 | J22: TLMK | K22: DVH | L22: 83851 | M22: 64118 | N22: baezsilberstein.5 | O22: VCTSABAE | R22: 37657560 | S22: 20-37657560-9 | T22: 44046 | U22: 44046 | V22: 44057 | W22: 46 | X22: Campus Casino | Z22: On Site | AA22: (Hs Orig 15:00 - 21:00 OFF Dom Sab)
A23: Ortiz Jose María | B23: Bachur Karim | C23: Contreras | D23: Fernando Gonzalo | E23: 15:00 - 21:00 | F23: 15:00 - 21:00 | G23: 648406 | H23: 88913 | I23: 3841619 | J23: TLMK | K23: DVH | L23: 83851 | M23: 64118 | N23: contreras.503 | O23: VCTFECON | Q23: 381-153435386 | R23: 38224052 | S23: 23-38224052-9 | T23: 44039 | U23: 44039 | V23: 44047 | W23: 52 | X23: Campus Casino | Z23: On Site | AA23: (Hs Orig 15:00 - 21:00 OFF Dom Sab)
A24: Ortiz Jose María | B24: Bachur Karim | C24: Coria | D24: Ana | E24: 15:00 - 21:00 | F24: 15:00 - 21:00 | G24: 648412 | H24: 89153 | I24: 3851249 | J24: Servicios web | K24: DVH | L24: 83851 | M24: 64118 | N24: coria.27 | O24: VCTCOANA | R24: 39142413 | S24: 27-39142413-1 | T24: 44046 | U24: 44046 | V24: 44057 | W24: 46 | X24: Campus Casino | Z24: On Site | AA24: (Hs Orig 15:00 - 21:00 OFF Dom Sab)
A25: Ortiz Jose María | B25: Bachur Karim | C25: Dilascio | D25: Miguel Angel | E25: 15:00 - 21:00 | F25: 15:00 - 21:00 | G25: 648401 | H25: 88920 | I25: 3841605 | J25: Servicios web | K25: DVH | L25: 83851 | M25: 64118 | N25: dilascio.10 | O25: VCTMIDIL | Q25: 381-155249588 | R25: 39574767 | S25: 20-39574767-4 | T25: 44039 | U25: 44039 | V25: 44047 | W25: 52 | X25: Campus Casino | Z25: On Site | AA25: (Hs Orig 15:00 - 21:00 OFF Dom Sab)
A26: Ortiz Jose María | B26: Bachur Karim | C26: Mercado | D26: Mikaela Sabrina | E26: 15:00 - 21:00 | F26: 15:00 - 21:00 | G26: 648398 | H26: 88924 | I26: 3841586 | J26: Servicios web | K26: DVH | L26: 83851 | M26: 64118 | N26: mercado.668 | O26: VCTMIMER | Q26: 381-155715427 | R26: 34327482 | S26: 27-34327482-9 | T26: 44039 | U26: 44039 | V26: 44047 | W26: 52 | X26: Campus Casino | Z26: On Site | AA26: (Hs Orig 15:00 - 21:00 OFF Dom Sab)
A27: Ortiz Jose María | B27: Bachur Karim | C27: Montaldo | D27: Sol Agustina | E27: 15:00 - 21:00 | F27: 15:00 - 21:00 | G27: 648403 | H27: 88916 | I27: 3841614 | J27: Servicios web | K27: DVH | L27: 83851 | M27: 64118 | N27: montaldo.8 | O27: VCTSOMON | Q27: 381-155455805 | R27: 41771566 | S27: 27-41771566-0 | T27: 44039 | U27: 44039 | V27: 44047 | W27: 52 | X27: Campus Casino | Z27: On Site | AA27: (Hs Orig 15:00 - 21:00 OFF Dom Sab)
A28: Ortiz Jose María | B28: Bachur Karim | C28: Navarro | D28: Luciana Antonella | E28: 15:00 - 21:00 | F28: 15:00 - 21:00 | G28: 648407 | H28: 88917 | I28: 3841622 | J28: Servicios web | K28: DVH | L28: 83851 | M28: 64118 | N28: navarro.873 | O28: VCTANNAV | Q28: 381-155013812 | R28: 38244120 | S28: 27-38244120-1 | T28: 44039 | U28: 44039 | V28: 44047 | W28: 52 | X28: Campus Casino | Z28: On Site | AA28: (Hs Orig 15:00 - 21:00 OFF Dom Sab)
A29: Ortiz Jose María | B29: Bachur Karim | C29: Pascual | D29: Silvio Daniel | E29: 15:00 - 21:00 | F29: 15:00 - 21:00 | G29: 648405 | H29: 88919 | I29: 3841618 | J29: Servicios web | K29: DVH | L29: 83851 | M29: 64118 | N29: pascual.465 | O29: VCTSIPAS | Q29: 381-153362589 | R29: 36439725 | S29: 23-36439725-9 | T29: 44039 | U29: 44039 | V29: 44047 | W29: 52 | X29: Campus Casino | Z29: On Site | AA29: (Hs Orig 15:00 - 21:00 OFF Dom Sab)
A30: Ortiz Jose María | B30: Bachur Karim | C30: Rodríguez | D30: Brenda Agostina | E30: 15:00 - 21:00 | F30: 15:00 - 21:00 | G30: 648402 | H30: 88922 | I30: 3841611 | J30: DVH | K30: DVH | L30: 83851 | M30: 64118 | N30: rodriguez.4165 | O30: VCTBRROD | Q30: 381-156070741 | R30: 39730809 | S30: 27-39730809-5 | T30: 44039 | U30: 44039 | V30: 44047 | W30: 52 | X30: Campus Casino | Z30: On Site | AA30: (Hs Orig 15:00 - 21:00 OFF Dom Sab)
A31: Ortiz Jose María | B31: Bachur Karim | C31: Terriaca Lemme | D31: Flavia Solaina | E31: 15:00 - 21:00 | F31: 15:00 - 21:00 | G31: 648399 | H31: 88914 | I31: 3841590 | J31: DVH | K31: DVH | L31: 83851 | M31: 64118 | N31: terriacalemme.5 | O31: VCTFLTER | Q31: 381-153016768 | R31: 35195568 | S31: 27-35195568-1 | T31: 44039 | U31: 44039 | V31: 44047 | W31: 52 | X31: Campus Casino | Z31: On Site | AA31: (Hs Orig 15:00 - 21:00 OFF Dom Sab)
A32: Ortiz Jose María | B32: Bachur Karim | C32: Ucciardello | D32: Luciana Daniza | E32: 15:00 - 21:00 | F32: 15:00 - 21:00 | G32: 648400 | H32: 88921 | I32: 3557330 | J32: DVH | K32: DVH | L32: 83851 | M32: 64118 | N32: ucciardello.5 | O32: VCTLUUCC | Q32: 381-153396910 | R32: 42548543 | S32: 27-42548543-7 | T32: 44039 | U32: 44039 | V32: 44047 | W32: 52 | X32: Campus Casino | Z32: On Site | AA32: (Hs Orig 15:00 - 21:00 OFF Dom Sab)
A33: Ortiz Jose María | B33: Bachur Karim | C33: Yanelli | D33: Aníbal Hector Francisco | E33: 15:00 - 21:00 | F33: 15:00 - 21:00 | G33: 648404 | H33: 88915 | I33: 3841616 | J33: DVH | K33: DVH | L33: 83851 | M33: 64118 | N33: yanelli.5 | O33: VCTANYAN | Q33: 381-15 6576805 | R33: 42371182 | S33: 20-42371182-6 | T33: 44039 | U33: 44039 | V33: 44047 | W33: 52 | X33: Campus Casino | Z33: On Site | AA33: (Hs Orig 15:00 - 21:00 OFF Dom Sab)
A34: Campero Juarez Maria Guadalupe | B34: Corbera Susana Sofía | C34: Alonso | D34: Facundo ismael | E34: 15:00 - 21:00 | F34: 15:00 - 21:00 | G34: 89313 | H34: 88174 | I34: 3624184 | J34: CSV2 | K34: CSV2 | L34: 81043 | M34: 74054 | N34: alonso.155 | O34: VCTFAALO | P34: 43917 | R34: 42007693 | S34: 20420076933 | T34: 43808 | U34: 43808 | V34: 43831 | W34: 280 | X34: Campus Casino | Y34: 89871 | Z34: SI | AA34: (Hs Orig 15:00 - 21:00 OFF Dom Sab)
A35: Campero Juarez Maria Guadalupe | B35: Corbera Susana Sofía | C35: Alvarez Maziad | D35: Monica Carolina | E35: 15:00 - 21:00 | F35: 15:00 - 21:00 | G35: 89057 | H35: 83603 | I35: 2523112 | J35: CSV2 | K35: CSV2 | L35: 81043 | M35: 74054 | N35: alvarezmaziad.5 | O35: VCTMOALV | P35: 43917 | Q35: 0381-156802261 | R35: 39145406 | S35: 27391454065 | T35: 42891 | U35: 43327 | V35: 43328 | W35: 1184 | X35: Campus Casino | Y35: 89940 | Z35: SI | AA35: (Hs Orig 15:00 - 21:00 OFF Dom Sab)
A36: Campero Juarez Maria Guadalupe | B36: Corbera Susana Sofía | C36: Azubel | D36: Solange | E36: 15:00 - 21:00 | F36: 15:00 - 21:00 | G36: 89225 | H36: 87316 | I36: 1100247 | J36: CSV3 | K36: CSV3 | L36: 81043 | M36: 74054 | N36: azubel.7 | O36: VCTSOAZU | P36: 43916 | Q36: 3814637258 | R36: 35921500 | S36: 27359215008 | T36: 43703 | U36: 43703 | V36: 43713 | W36: 383 | X36: Campus Casino | Y36: 89941 | Z36: SI | AA36: (Hs Orig 15:00 - 21:00 OFF Dom Sab)
A37: Campero Juarez Maria Guadalupe | B37: Corbera Susana Sofía | C37: Cantos | D37: Horacio Nicolas | E37: 15:00 - 21:00 | F37: 15:00 - 21:00 | G37: 89236 | H37: 87308 | I37: 3462509 | J37: CSV3 | K37: CSV3 | L37: 81043 | M37: 74054 | N37: cantos.58 | O37: VCTHOCAN | P37: 43915 | Q37: 3814742874 | R37: 41650790 | S37: 20416507903 | T37: 43703 | U37: 43703 | V37: 43713 | W37: 383 | X37: Campus Casino | Y37: 89944 | Z37: SI | AA37: (Hs Orig 15:00 - 21:00 OFF Dom Sab)
A38: Campero Juarez Maria Guadalupe | B38: Corbera Susana Sofía | C38: Castillo | D38: Angel Alberto | E38: 15:00 - 21:00 | F38: 15:00 - 21:00 | G38: 89104 | H38: 85278 | I38: 2803851 | J38: CSV3 | K38: CSV3 | L38: 81043 | M38: 74054 | N38: castillo.1268 | O38: VCTANCAS | P38: 43910 | Q38: 3816509596 | R38: 37457052 | S38: 20374570529 | T38: 43164 | U38: 43409 | V38: 43423 | W38: 914 | X38: Campus Casino | Y38: 89945 | Z38: SI | AA38: (Hs Orig 15:00 - 21:00 OFF Dom Sab)
A39: Campero Juarez Maria Guadalupe | B39: Corbera Susana Sofía | C39: Chavarria Bevacqua | D39: Silvana Carolina | E39: 15:00 - 20:00 | F39: 15:00 - 20:00 | G39: 89207 | H39: 87045 | I39: 3409666 | J39: CSV2 | K39: CSV2 | L39: 81043 | M39: 74054 | N39: chavarriabevacqua.5 | O39: VCTSICHA | P39: 43916 | Q39: 381-156956998 | R39: 35192091 | S39: 27-35192091-8 | T39: 43668 | U39: 43669 | V39: 43678 | W39: 417 | X39: Campus Casino | Y39: 89887 | Z39: SI | AA39: (Hs Orig 15:00 - 20:00 OFF Dom Sab)
A40: Campero Juarez Maria Guadalupe | B40: Corbera Susana Sofía | C40: Del Pino | D40: Agustin Alejandro | E40: Approved OFF | F40: Approved OFF | G40: 89211 | H40: 87057 | I40: 3409641 | J40: DVH | K40: CSV1 | L40: 81043 | M40: 74054 | N40: delpino.12 | O40: VCTAGDEL | P40: 43945 | Q40: 381-155438690 | R40: 41495060 | S40: 20414950605 | T40: 43668 | U40: 43669 | V40: 43678 | W40: 417 | X40: Campus Casino | Y40: 89876 | Z40: SI | AA40: (Hs Orig 16:00 - 21:00 OFF Dom Sab)
A41: Campero Juarez Maria Guadalupe | B41: Corbera Susana Sofía | C41: Elias | D41: Mario Jorge | E41: 15:00 - 21:00 | F41: 15:00 - 21:00 | G41: 89119 | H41: 86154 | I41: 3118300 | J41: CSV2 | K41: CSV2 | L41: 81043 | M41: 74054 | N41: elias.112 | O41: VCTMAELI | P41: 43934 | Q41: 381-156987176 | R41: 35822667 | S41: 20358226672 | T41: 43437 | U41: 43437 | V41: 43448 | W41: 646 | X41: Campus Casino | Y41: 89946 | Z41: SI | AA41: (Hs Orig 15:00 - 21:00 OFF Dom Sab)
A42: Campero Juarez Maria Guadalupe | B42: Corbera Susana Sofía | C42: Garcia | D42: Guillermo Eduardo | E42: 15:00 - 21:00 | F42: 15:00 - 21:00 | G42: 89001 | H42: 83911 | I42: 2657668 | J42: CSV3 | K42: CSV3 | L42: 81043 | M42: 74054 | N42: garcia.3872 | O42: VCTGUGAR | P42: 43921 | Q42: 0381-156358727 | R42: 37455215 | S42: 20374552156 | T42: 43010 | U42: 43259 | V42: 43262 | W42: 1067 | X42: Campus Casino | Y42: 89947 | Z42: SI | AA42: (Hs Orig 15:00 - 21:00 OFF Dom Sab)
A43: Campero Juarez Maria Guadalupe | B43: Corbera Susana Sofía | C43: Gjugum | D43: Sofia Denise | E43: LOA | F43: LOA | G43: 89229 | H43: 87310 | I43: 3462512 | J43: CSV3 | K43: CSV3 | L43: 81043 | M43: 74054 | N43: gjugum.7 | O43: VCTSOGJU | P43: 43917 | Q43: 3816313769 | R43: 40532665 | S43: 27405326650 | T43: 43703 | U43: 43703 | V43: 43713 | W43: 383 | X43: Campus Casino | Y43: 89948 | Z43: SI | AA43: (Hs Orig 15:00 - 21:00 OFF Dom Sab)
A44: Campero Juarez Maria Guadalupe | B44: Corbera Susana Sofía | C44: Guzman | D44: Nahuel Maximiliano | E44: 15:00 - 21:00 | F44: 15:00 - 21:00 | G44: 89188 | H44: 86341 | I44: 3138508 | J44: CSV2 | K44: CSV2 | L44: 81043 | M44: 74054 | N44: guzman.452 | O44: VCTNAGUZ | P44: 43917 | Q44: 0381-154347497 | R44: 40273349 | S44: 20402733498 | T44: 43460 | U44: 43460 | V44: 43476 | W44: 623 | X44: Campus Casino | Y44: 89975 | Z44: SI | AA44: (Hs Orig 09:00 - 15:00 OFF Dom Sab)
A45: Campero Juarez Maria Guadalupe | B45: Corbera Susana Sofía | C45: Laitán Landro | D45: Gimena María | E45: 15:00 - 21:00 | F45: 15:00 - 21:00 | G45: 89056 | H45: 85310 | I45: 2811372 | J45: HD | K45: CSV3/ HD | L45: 81043 | M45: 74054 | N45: laitnlandro.5 | O45: VCTGILAI | P45: 43917 | Q45: 0381-156311579 | R45: 36865396 | S45: 27368653964 | T45: 43171 | U45: 43327 | V45: 43328 | W45: 907 | X45: Campus Casino | Y45: 89949 | Z45: SI | AA45: (Hs Orig 15:00 - 21:00 OFF Dom Sab)
A46: Campero Juarez Maria Guadalupe | B46: Corbera Susana Sofía | C46: Martinez Teseyra | D46: Mayra Belen | E46: 16:00 - 21:00 | F46: 16:00 - 21:00 | G46: 89215 | H46: 87060 | I46: 3409628 | J46: CSV2 | K46: CSV2 | L46: 81043 | M46: 74054 | N46: martinezteseyra.5 | O46: VCTBEMAR | P46: 43934 | Q46: 3876-15401588 | R46: 36129883 | S46: 27361298832 | T46: 43668 | U46: 43669 | V46: 43678 | W46: 417 | X46: Campus Casino | Y46: 89961 | Z46: SI | AA46: (Hs Orig 16:00 - 21:00 OFF Dom Sab)
A47: Campero Juarez Maria Guadalupe | B47: Corbera Susana Sofía | C47: Medina | D47: Leyla Maria | E47: 15:00 - 21:00 | F47: 15:00 - 21:00 | G47: 89241 | H47: 87306 | I47: 1729885 | J47: VIP | K47: VIP/ HD | L47: 81043 | M47: 74054 | N47: medina.894 | O47: VCTLEMED | P47: 43915 | Q47: 3813545684 | R47: 36584345 | S47: 27365843452 | T47: 43703 | U47: 43703 | V47: 43713 | W47: 383 | X47: Campus Casino | Y47: 89950 | Z47: SI | AA47: (Hs Orig 15:00 - 21:00 OFF Dom Sab)
A48: Campero Juarez Maria Guadalupe | B48: Gregoratti Juan Carlos | C48: Pomo | D48: Daniel Nicolas | E48: 15:00 - 21:00 | F48: 15:00 - 21:00 | G48: 648314 | H48: 87699 | I48: 3526445 | J48: Compras Referidas | K48: CSV1 | L48: 79688 | M48: 74054 | N48: pomo.7 | O48: VCTDAPOM | P48: 43955 | Q48: 387 619 4290 | R48: 38246090 | S48: 20382460902 | T48: 43745 | U48: 43945 | V48: 43956 | W48: 342 | X48: Campus Casino | Y48: 89996 | Z48: SI | AA48: (Hs Orig 15:00 - 21:00 OFF Dom Sab)
A49: Campero Juarez Maria Guadalupe | B49: Corbera Susana Sofía | C49: Ricci | D49: Marcos Jose | E49: 15:00 - 21:00 | F49: 15:00 - 21:00 | G49: 89168 | H49: 86288 | I49: 3133272 | J49: VIP | K49: VIP/ HD | L49: 81043 | M49: 74054 | N49: ricci.57 | O49: VCTMARIC | P49: 43916 | Q49: 0381-154498587 | R49: 36550805 | S49: 20365508055 | T49: 43451 | U49: 43451 | V49: 43467 | W49: 632 | X49: Campus Casino | Y49: 89951 | Z49: SI | AA49: (Hs Orig 15:00 - 21:00 OFF Dom Sab)
A50: Campero Juarez Maria Guadalupe | B50: Corbera Susana Sofía | C50: Ruiz Barrionuevo | D50: Isabella Catalina | E50: 16:00 - 21:00 | F50: 16:00 - 21:00 | G50: 89218 | H50: 87054 | I50: 3409729 | J50: CSV2 | K50: CSV2 | L50: 81043 | M50: 74054 | N50: ruizbarrionuevo.6 | O50: VCTISRUI | P50: 43915 | Q50: 381-153676323 | R50: 42664926 | S50: 27426649263 | T50: 43668 | U50: 43669 | V50: 43678 | W50: 417 | X50: Campus Casino | Y50: 89981 | Z50: SI | AA50: (Hs Orig 16:00 - 21:00 OFF Dom Sab)
A51: Campero Juarez Maria Guadalupe | B51: Corbera Susana Sofía | C51: Soto | D51: Fatima Belen | E51: 15:00 - 21:00 | F51: 15:00 - 21:00 | G51: 89246 | H51: 87302 | I51: 3462494 | J51: CSV2 | K51: CSV2 | L51: 81043 | M51: 74054 | N51: soto.324 | O51: VCTFASOT | P51: 43912 | Q51: 3815494273 | R51: 40697438 | S51: 27-40697438-9 | T51: 43703 | U51: 43703 | V51: 43713 | W51: 383 | X51: Campus Casino | Y51: 89764 | Z51: SI | AA51: (Hs Orig 15:00 - 21:00 OFF Dom Sab)
A52: Campero Juarez Maria Guadalupe | B52: Criado Esteban | C52: Amicone | D52: Julieta | E52: 15:00 - 21:00 | F52: 15:00 - 21:00 | G52: 648384 | H52: 86201 | I52: 3120478 | J52: CSV1 | K52: CSV1 | L52: 85154 | M52: 74054 | N52: amicone.9 | O52: VCTJUAMI | P52: 43969 | Q52: 381 432 4959 | R52: 42007271 | S52: 27420072711 | T52: 43437 | U52: 43962 | V52: 43969 | W52: 646 | X52: Campus Casino | Y52: 648326 | Z52: SI | AA52: (Hs Orig 15:00 - 21:00 OFF Dom Sab)
A53: Campero Juarez Maria Guadalupe | B53: Criado Esteban | C53: Arias | D53: Ivan Santiago | E53: 15:00 - 21:00 | F53: 15:00 - 21:00 | G53: 648392 | H53: 86212 | I53: 3119977 | J53: DVH | K53: CSV1 | L53: 85154 | M53: 74054 | N53: arias.197 | O53: VCTIVARI | P53: 43969 | Q53: 381 364 1513 | R53: 36839830 | S53: 20368398307 | T53: 43437 | U53: 43962 | V53: 43969 | W53: 646 | X53: Campus Casino | Y53: 648331 | Z53: SI | AA53: (Hs Orig 15:00 - 21:00 OFF Dom Sab)
A54: Campero Juarez Maria Guadalupe | B54: Criado Esteban | C54: Bernard | D54: Mariano | E54: 15:00 - 21:00 | F54: 15:00 - 21:00 | G54: 648378 | H54: 86585 | I54: 3290393 | J54: CSV1 | K54: CSV1 | L54: 85154 | M54: 74054 | N54: bernard.212 | O54: VCTMABER | P54: 43969 | Q54: 3816761743 | R54: 37457894 | S54: 20374578945 | T54: 43594 | U54: 43962 | V54: 43969 | W54: 490 | X54: Campus Casino | Y54: 648321 | Z54: SI | AA54: (Hs Orig 15:00 - 21:00 OFF Dom Sab)
A55: Campero Juarez Maria Guadalupe | B55: Criado Esteban | C55: Blacut | D55: Carolina Concepcion | E55: 13:00 - 19:00 | F55: 13:00 - 19:00 | G55: 648379 | H55: 64114 | I55: 433384 | J55: CSV1 | K55: CSV1 | L55: 85154 | M55: 74054 | N55: blacut.5 | O55: VCTCABLA | P55: 43969 | Q55: 3814360935 | R55: 22989370 | S55: 27229893705 | T55: 39937 | U55: 43962 | V55: 43969 | W55: 4095 | X55: Campus Casino | Y55: 648322 | Z55: SI | AA55: (Hs Orig 13:00 - 19:00 OFF Dom Sab)
A56: Campero Juarez Maria Guadalupe | B56: Criado Esteban | C56: Chico | D56: Jessica Liliana | E56: 15:00 - 21:00 | F56: 15:00 - 21:00 | G56: 648381 | H56: 82194 | I56: 2178609 | J56: CSV1 | K56: CSV1 | L56: 85154 | M56: 74054 | N56: chico.47 | O56: VCTJECHI | P56: 43969 | Q56: 4330399 / 155782351 | R56: 36584697 | S56: 27365846974 | T56: 42580 | U56: 43962 | V56: 43969 | W56: 1490 | X56: Campus Casino | Y56: 648324 | Z56: SI | AA56: (Hs Orig 15:00 - 21:00 OFF Dom Sab)
A57: Campero Juarez Maria Guadalupe | B57: Criado Esteban | C57: Ferraro | D57: David Franco Ramón | E57: 15:00 - 20:00 | F57: 15:00 - 20:00 | G57: 648382 | H57: 87912 | I57: 3526348 | J57: CSV1 | K57: CSV1 | L57: 85154 | M57: 74054 | N57: ferraro.26 | O57: VCTDAFER | P57: 43969 | Q57: 381 153907269 | R57: 37310000 | S57: 20373100006 | T57: 43745 | U57: 43962 | V57: 43969 | W57: 342 | X57: Campus Casino | Y57: 648325 | Z57: SI | AA57: (Hs Orig 15:00 - 20:00 OFF Dom Sab)
A58: Campero Juarez Maria Guadalupe | B58: Criado Esteban | C58: Formoselle | D58: Ivana Veronica | E58: 15:00 - 21:00 | F58: 15:00 - 21:00 | G58: 648310 | H58: 87705 | I58: 3526463 | J58: Servicios web | K58: CSV1 | L58: 85154 | M58: 74054 | N58: fermoselle.5 | O58: VCTIVFOR | P58: 43955 | Q58: 381 545 7234 | R58: 39141069 | S58: 27391410696 | T58: 43745 | U58: 43945 | V58: 43956 | W58: 342 | X58: Campus Casino | Y58: 89983 | Z58: SI | AA58: (Hs Orig 15:00 - 21:00 OFF Dom Sab)
A59: Campero Juarez Maria Guadalupe | B59: Gregoratti Juan Carlos | C59: Giolito | D59: Maira Elizabeth | E59: 15:00 - 21:00 | F59: 15:00 - 21:00 | G59: 89239 | H59: 87297 | I59: 1294127 | J59: DVH | K59: CSV1 | L59: 79688 | M59: 74054 | N59: giolito.6 | O59: VCTMAGIO | P59: 43945 | Q59: 3814152698 | R59: 34953742 | S59: 27349537422 | T59: 43703 | U59: 43703 | V59: 43713 | W59: 383 | X59: Campus Casino | Y59: 89880 | Z59: SI | AA59: (Hs Orig 15:00 - 21:00 OFF Dom Sab)
A60: Campero Juarez Maria Guadalupe | B60: Criado Esteban | C60: Jandar | D60: Fabio Nicolás | E60: 15:00 - 21:00 | F60: 15:00 - 21:00 | G60: 648390 | H60: 83918 | I60: 2657804 | J60: CSV1 | K60: CSV1 | L60: 85154 | M60: 74054 | N60: jandar.8 | O60: VCTFAJAN | P60: 43969 | Q60: 0381-154180132 | R60: 39481787 | S60: 20394817873 | T60: 43010 | U60: 43962 | V60: 43969 | W60: 1067 | X60: Campus Casino | Y60: 648330 | Z60: SI | AA60: (Hs Orig 15:00 - 21:00 OFF Dom Sab)
A61: Campero Juarez Maria Guadalupe | B61: Criado Esteban | C61: Jerez | D61: María Celeste | E61: 09:00 - 14:00 | F61: 09:00 - 14:00 | G61: 648385 | H61: 81571 | I61: 1988450 | J61: DVH | K61: CSV1 | L61: 85154 | M61: 74054 | N61: jerez.37 | O61: VCTMAJER | P61: 43969 | Q61: 0381 155585231 | R61: 34764648 | S61: 27347646488 | T61: 42429 | U61: 43962 | V61: 43969 | W61: 1639 | X61: Campus Casino | Y61: 648337 | Z61: SI | AA61: (Hs Orig 16:00 - 21:00 OFF Dom Sab)
A62: Campero Juarez Maria Guadalupe | B62: Criado Esteban | C62: Juri | D62: Aida Del Valle | E62: 15:00 - 21:00 | F62: 15:00 - 21:00 | G62: 648386 | H62: 86032 | I62: 3116938 | J62: CSV1 | K62: CSV1 | L62: 85154 | M62: 74054 | N62: juri.10 | O62: VCTAIJUR | P62: 43969 | Q62: 381 388 7424 | R62: 39572913 | S62: 27395729131 | T62: 43437 | U62: 43962 | V62: 43969 | W62: 646 | X62: Campus Casino | Y62: 648327 | Z62: SI | AA62: (Hs Orig 15:00 - 21:00 OFF Dom Sab)
A63: Campero Juarez Maria Guadalupe | B63: Criado Esteban | C63: Leal Martinez | D63: Matias Emanuel | E63: 15:00 - 21:00 | F63: 15:00 - 21:00 | G63: 648352 | H63: 80131 | I63: 1567502 | J63: CSV1 | K63: CSV1 | L63: 85154 | M63: 74054 | N63: lealmartinez.11 | O63: VCTMALEA | P63: 43969 | Q63: 038 115 4981045 | R63: 38509359 | S63: 20385093595 | T63: 42037 | U63: 43962 | V63: 43969 | W63: 2027 | X63: Campus Casino | Y63: 89982 | Z63: SI | AA63: (Hs Orig 15:00 - 21:00 OFF Dom Sab)
A64: Campero Juarez Maria Guadalupe | B64: Criado Esteban | C64: López | D64: Matias Gonzalo | E64: 15:00 - 21:00 | F64: 15:00 - 21:00 | G64: 648311 | H64: 87722 | I64: 3526400 | J64: Compras Referidas | K64: CSV1 | L64: 85154 | M64: 74054 | N64: lpez.41 | O64: VCTGOLOP | P64: 43955 | Q64: 385 409 3212 | R64: 33882372 | S64: 20338823720 | T64: 43745 | U64: 43945 | V64: 43956 | W64: 342 | X64: Campus Casino | Y64: 89994 | Z64: SI | AA64: (Hs Orig 15:00 - 21:00 OFF Dom Sab)
A65: Campero Juarez Maria Guadalupe | B65: Gregoratti Juan Carlos | C65: Mansilla | D65: Karen Nicole | E65: 16:00 - 21:00 | F65: 16:00 - 21:00 | G65: 89214 | H65: 87056 | I65: 3409650 | J65: DVH | K65: CSV1 | L65: 79688 | M65: 74054 | N65: mansilla.45 | O65: VCTKAMAN | P65: 43915 | Q65: 381-156047766 | R65: 42523139 | S65: 27425231397 | T65: 43668 | U65: 43669 | V65: 43678 | W65: 417 | X65: Campus Casino | Y65: 89975 | Z65: SI | AA65: (Hs Orig 16:00 - 21:00 OFF Dom Sab)
A66: Campero Juarez Maria Guadalupe | B66: Criado Esteban | C66: Palavecino | D66: Pablo Mauricio | E66: 15:00 - 21:00 | F66: 15:00 - 21:00 | G66: 648312 | H66: 87701 | I66: 2000078 | J66: Compras Referidas | K66: CSV1 | L66: 85154 | M66: 74054 | N66: palavecino.27 | O66: VCTPAPAL | P66: 43955 | Q66: 381 664 5424 | R66: 36281639 | S66: 20362816395 | T66: 43745 | U66: 43945 | V66: 43956 | W66: 342 | X66: Campus Casino | Y66: 89993 | Z66: SI | AA66: (Hs Orig 15:00 - 21:00 OFF Dom Sab)
A67: Campero Juarez Maria Guadalupe | B67: Criado Esteban | C67: Paz | D67: Enzo Javier | E67: 15:00 - 21:00 | F67: 15:00 - 21:00 | G67: 648361 | H67: 85995 | I67: 3116792 | J67: DVH | K67: CSV1 | L67: 85154 | M67: 74054 | N67: paz.230 | O67: VCTENPAZ | P67: 43969 | Q67: 381 345 9389 | R67: 42467181 | S67: 23424671819 | T67: 43437 | U67: 43962 | V67: 43969 | W67: 646 | X67: Campus Casino | Y67: 648334 | Z67: SI | AA67: (Hs Orig 15:00 - 21:00 OFF Dom Sab)
A68: Campero Juarez Maria Guadalupe | B68: Criado Esteban | C68: Ruiz | D68: Daniel Antonio | E68: 16:00 - 21:00 | F68: 16:00 - 21:00 | G68: 648383 | H68: 86015 | I68: 2765889 | J68: DVH | K68: CSV1 | L68: 85154 | M68: 74054 | N68: ruiz.835 | O68: VCTDARUI | P68: 43969 | Q68: 381 663 9013 | R68: 40215879 | S68: 20402158795 | T68: 43437 | U68: 43962 | V68: 43969 | W68: 646 | X68: Campus Casino | Y68: 648336 | Z68: SI | AA68: (Hs Orig 16:00 - 21:00 OFF Dom Sab)
A69: Campero Juarez Maria Guadalupe | B69: Criado Esteban | C69: Salinas | D69: Mariana Josefina | E69: 15:00 - 19:00 | F69: 15:00 - 19:00 | G69: 648387 | H69: 83101 | I69: 1441889 | J69: Habilitaciones | K69: CSV1 | L69: 85154 | M69: 74054 | N69: salinas.358 | O69: VCTMASAL | P69: 43969 | Q69: 3816591167 | R69: 31100304 | S69: 27311003041 | T69: 42800 | U69: 43962 | V69: 43969 | W69: 1273 | X69: Campus Casino | Y69: 648320 | Z69: SI | AA69: (Hs Orig 15:00 - 19:00 OFF Dom Sab)
A70: Campero Juarez Maria Guadalupe | B70: Criado Esteban | C70: Santucho | D70: María del Rosario | E70: LOA | F70: LOA | G70: 648235 | H70: 85552 | I70: 2855603 | J70: CSV1 | K70: CSV1 | L70: 85154 | M70: 74054 | N70: santucho.22 | O70: VCTMASAN | P70: 43935 | Q70: 0381-153469922 | R70: 45513329 | S70: 27455133292 | T70: 43209 | U70: 43930 | V70: 43935 | W70: 870 | X70: Campus Casino | Y70: 89918 | Z70: SI | AA70: (Hs Orig 15:00 - 19:00 OFF Dom Sab)
A71: Campero Juarez Maria Guadalupe | B71: Criado Esteban | C71: Villagra | D71: Daniela Alejandra | E71: 15:00 - 20:00 | F71: 15:00 - 20:00 | G71: 648061 | H71: 88038 | I71: 3553114 | J71: DVH | K71: CSV1 | L71: 85154 | M71: 74054 | N71: villagra.43 | O71: VCTDAVIL | P71: 43943 | Q71: 03816416605 | R71: 31038158 | S71: 27-31038158-1 | T71: 43942 | U71: 43942 | V71: 43943 | W71: 148 | X71: Campus Casino | Y71: 89882 | Z71: SI | AA71: (Hs Orig 15:00 - 20:00 OFF Dom Sab)
A72: Campero Juarez Maria Guadalupe | B72: Gregoratti Juan Carlos | C72: Agüero | D72: Maria Micaela | E72: Approved OFF | F72: Approved OFF | G72: 89235 | H72: 87307 | I72: 3462508 | J72: DVH | K72: CSV1 | L72: 79688 | M72: 74054 | N72: aguero.57 | O72: VCTMAAGU | P72: 43915 | Q72: N/A | R72: 40085899 | S72: 27400858999 | T72: 43703 | U72: 43703 | V72: 43713 | W72: 383 | X72: Campus Casino | Y72: 89954 | Z72: SI | AA72: (Hs Orig 15:00 - 21:00 OFF Dom Sab)
A73: Campero Juarez Maria Guadalupe | B73: Gregoratti Juan Carlos | C73: Alarcon | D73: Yanet Micaela | E73: 15:00 - 20:00 | F73: 15:00 - 20:00 | G73: 648058 | H73: 88048 | I73: 3553156 | J73: CSV2 | K73: CSV2 | L73: 79688 | M73: 74054 | N73: alarcon.133 | O73: VCTYAALA | P73: 43943 | Q73: 03816664035 | R73: 41870420 | S73: 27-41870420-4 | T73: 43942 | U73: 43942 | V73: 43943 | W73: 148 | X73: Campus Casino | Y73: 89955 | Z73: SI | AA73: (Hs Orig 15:00 - 20:00 OFF Dom Sab)
A74: Campero Juarez Maria Guadalupe | B74: Gregoratti Juan Carlos | C74: Blanco Brandan | D74: Bianca Abigail | E74: 15:00 - 21:00 | F74: 15:00 - 21:00 | G74: 89157 | H74: 86290 | I74: 3133275 | J74: CSV2 | K74: CSV2 | L74: 79688 | M74: 74054 | N74: blancobrandan.5 | O74: VCTBIBLA | P74: 43915 | Q74: 0381-156088304 | R74: 41763285 | S74: 27417632854 | T74: 43451 | U74: 43451 | V74: 43467 | W74: 632 | X74: Campus Casino | Y74: 89873 | Z74: SI | AA74: (Hs Orig 15:00 - 21:00 OFF Dom Sab)
A75: Campero Juarez Maria Guadalupe | B75: Gregoratti Juan Carlos | C75: Carrizo | D75: Ulises Joel | E75: 15:00 - 21:00 | F75: 15:00 - 21:00 | G75: 648224 | H75: 83409 | I75: 2466183 | J75: CSV2 | K75: CSV2 | L75: 79688 | M75: 74054 | N75: carrizo.93 | O75: VCTULCAR | P75: 43935 | Q75: 0381-155111621 | R75: 37996896 | S75: 20379968962 | T75: 42842 | U75: 43930 | V75: 43935 | W75: 1232 | X75: Campus Casino | Y75: 89913 | Z75: SI | AA75: (Hs Orig 15:00 - 21:00 OFF Dom Sab)
A76: Campero Juarez Maria Guadalupe | B76: Corbera Susana Sofía | C76: Escobar | D76: Carolina del Valle | E76: 15:00 - 21:00 | F76: 15:00 - 21:00 | G76: 89122 | H76: 86153 | I76: 3118303 | J76: CSV2 | K76: CSV2 | L76: 81043 | M76: 74054 | N76: escobar.209 | O76: VCTCAESC | P76: 44011 | Q76: 381-153008243 | R76: 35921616 | S76: 27359216160 | T76: 43437 | U76: 43437 | V76: 43448 | W76: 646 | X76: Campus Casino | Y76: 89957 | Z76: NO | AA76: (Hs Orig 15:00 - 21:00 OFF Dom Sab)
A77: Campero Juarez Maria Guadalupe | B77: Gregoratti Juan Carlos | C77: Ferroni | D77: Carlos Agustin | E77: 15:00 - 21:00 | F77: 15:00 - 21:00 | G77: 648308 | H77: 87882 | I77: 3123170 | J77: Compras Referidas | K77: CSV1 | L77: 79688 | M77: 74054 | N77: ferroni.6 | O77: VCTFECAR | P77: 43955 | Q77: 381 341-1143 | R77: 42007193 | S77: 20420071931 | T77: 43752 | U77: 43945 | V77: 43956 | W77: 335 | X77: Campus Casino | Y77: 89990 | Z77: SI | AA77: (Hs Orig 15:00 - 21:00 OFF Dom Sab)
A78: Campero Juarez Maria Guadalupe | B78: Gregoratti Juan Carlos | C78: Garcia Jerez | D78: Matias Agustin | E78: 15:00 - 21:00 | F78: 15:00 - 21:00 | G78: 89186 | H78: 86334 | I78: 3138482 | J78: CSV2 | K78: CSV2 | L78: 79688 | M78: 74054 | N78: garciajerez.6 | O78: VCTMATGA | P78: 43916 | Q78: 0381-155330620 | R78: 28883627 | S78: 20288836273 | T78: 43460 | U78: 43460 | V78: 43476 | W78: 623 | X78: Campus Casino | Y78: 89958 | Z78: SI | AA78: (Hs Orig 15:00 - 21:00 OFF Dom Sab)
A79: Campero Juarez Maria Guadalupe | B79: Gregoratti Juan Carlos | C79: Lafuente | D79: Facundo Edel | E79: 16:00 - 21:00 | F79: 16:00 - 21:00 | G79: 648062 | H79: 88050 | I79: 3553149 | J79: CSV2 | K79: CSV2 | L79: 79688 | M79: 74054 | N79: lafuente.23 | O79: VCTFALAF | P79: 43943 | Q79: 03814774519 | R79: 41425872 | S79: 20-41425872-8 | T79: 43942 | U79: 43942 | V79: 43943 | W79: 148 | X79: Campus Casino | Y79: 89959 | Z79: SI | AA79: (Hs Orig 16:00 - 21:00 OFF Dom Sab)
A80: Campero Juarez Maria Guadalupe | B80: Gregoratti Juan Carlos | C80: Lescano | D80: Daiana Gissel | E80: 15:00 - 21:00 | F80: 15:00 - 21:00 | G80: 89312 | H80: 88173 | I80: 3624180 | J80: CSV2 | K80: CSV2 | L80: 79688 | M80: 74054 | N80: lescano.51 | O80: VCTGILES | P80: 43915 | R80: 37460467 | S80: 27374604673 | T80: 43808 | U80: 43808 | V80: 43831 | W80: 280 | X80: Campus Casino | Y80: 89960 | Z80: SI | AA80: (Hs Orig 15:00 - 21:00 OFF Dom Sab)
A81: Campero Juarez Maria Guadalupe | B81: Gregoratti Juan Carlos | C81: Lizárraga | D81: Lucas Iván | E81: 15:00 - 21:00 | F81: 15:00 - 21:00 | G81: 648389 | H81: 87712 | I81: 3526355 | J81: CSV2 | K81: CSV2 | L81: 79688 | M81: 74054 | N81: lizrrraga.5 | O81: VCTLULIZ | P81: 43969 | Q81: 381 328 3185 | R81: 41060400 | S81: 20410604001 | T81: 43745 | U81: 43962 | V81: 43969 | W81: 342 | X81: Campus Casino | Y81: 648329 | Z81: SI | AA81: (Hs Orig 15:00 - 21:00 OFF Dom Sab)
A82: Campero Juarez Maria Guadalupe | B82: Gregoratti Juan Carlos | C82: Ochoa | D82: Florencia Belen | E82: LOA | F82: LOA | G82: 89103 | H82: 85279 | I82: 2804825 | J82: CSV2 | K82: CSV2 | L82: 79688 | M82: 74054 | N82: ochoa.141 | O82: VCTFLOCH | P82: 43912 | Q82: 381-156743025 | R82: 35374408 | S82: 27353744084 | T82: 43164 | U82: 43409 | V82: 43423 | W82: 914 | X82: Campus Casino | Y82: 89962 | Z82: SI | AA82: (Hs Orig 15:00 - 21:00 OFF Dom Sab)
A83: Campero Juarez Maria Guadalupe | B83: Gregoratti Juan Carlos | C83: Pachao Medina | D83: Juan Carlos | E83: Approved OFF | F83: Approved OFF | G83: 89243 | H83: 87301 | I83: 3462491 | J83: DVH | K83: CSV1 | L83: 79688 | M83: 74054 | N83: pachaomedina.5 | O83: VCTJUPAC | P83: 43919 | Q83: 3816470378 | R83: 37455387 | S83: 23374553879 | T83: 43703 | U83: 43703 | V83: 43713 | W83: 383 | X83: Campus Casino | Y83: 89963 | Z83: SI | AA83: (Hs Orig 15:00 - 21:00 OFF Dom Sab)
A84: Campero Juarez Maria Guadalupe | B84: Gregoratti Juan Carlos | C84: Quiroga Castro | D84: Franco Nicolas | E84: 15:00 - 20:00 | F84: 15:00 - 20:00 | G84: 89217 | H84: 87050 | I84: 3409733 | J84: CSV2 | K84: CSV2 | L84: 79688 | M84: 74054 | N84: quirogacastro.7 | O84: VCTFRQUI | P84: 43916 | Q84: 381-154664980 | R84: 41126232 | S84: 20-41126232-5 | T84: 43668 | U84: 43669 | V84: 43678 | W84: 417 | X84: Campus Casino | Y84: 89881 | Z84: SI | AA84: (Hs Orig 15:00 - 20:00 OFF Dom Sab)
A85: Campero Juarez Maria Guadalupe | B85: Gregoratti Juan Carlos | C85: Sanchez | D85: Juan Jorge Augusto | E85: 16:00 - 21:00 | F85: 16:00 - 21:00 | G85: 648059 | H85: 88036 | I85: 3553110 | J85: CSV2 | K85: CSV2 | L85: 79688 | M85: 74054 | N85: sanchez.2281 | O85: VCTJUSAN | P85: 43943 | Q85: 03814965135 | R85: 41345711 | S85: 20-41345711-5 | T85: 43942 | U85: 43942 | V85: 43943 | W85: 148 | X85: Campus Casino | Y85: 89964 | Z85: SI | AA85: (Hs Orig 16:00 - 21:00 OFF Dom Sab)
A86: Campero Juarez Maria Guadalupe | B86: Gregoratti Juan Carlos | C86: Vitar | D86: Nuria Mariel | E86: 15:00 - 21:00 | F86: 15:00 - 21:00 | G86: 89135 | H86: 86152 | I86: 1154505 | J86: CSV2 | K86: CSV2 | L86: 79688 | M86: 74054 | N86: vitar.5 | O86: VCTNUVIT | P86: 43917 | Q86: 381-154686954 | R86: 38045027 | S86: 27380450270 | T86: 43437 | U86: 43437 | V86: 43448 | W86: 646 | X86: Campus Casino | Y86: 89965 | Z86: SI | AA86: (Hs Orig 15:00 - 21:00 OFF Dom Sab)
A87: Campero Juarez Maria Guadalupe | B87: Gregoratti Juan Carlos | C87: Yapura | D87: Benito Javier | E87: 15:00 - 20:00 | F87: 15:00 - 20:00 | G87: 89222 | H87: 87048 | I87: 3409593 | J87: DVH | K87: CSV1 | L87: 79688 | M87: 74054 | N87: yapura.8 | O87: VCTBEYAP | P87: 43916 | Q87: 381-156375615 | R87: 36998015 | S87: 20369980158 | T87: 43668 | U87: 43669 | V87: 43678 | W87: 417 | X87: Campus Casino | Y87: 89966 | Z87: SI | AA87: (Hs Orig 15:00 - 20:00 OFF Dom Sab)
A88: Campero Juarez Maria Guadalupe | B88: Mendoza Norma Mercedes | C88: Figueroa | D88: Aranda María | E88: 15:00 - 21:00 | F88: 15:00 - 21:00 | G88: 648309 | H88: 87715 | I88: 2353705 | J88: Servicios web | K88: CSV1 | L88: 83947 | M88: 74054 | N88: figueroaaranda.5 | O88: VCTARFIG | P88: 43955 | Q88: 381 510 2561 | R88: 37503155 | S88: 27375031553 | T88: 43745 | U88: 43945 | V88: 43956 | W88: 342 | X88: Campus Casino | Y88: 89997 | Z88: SI | AA88: (Hs Orig 15:00 - 21:00 OFF Dom Sab)
A89: Campero Juarez Maria Guadalupe | B89: Mendoza Norma Mercedes | C89: Garcia Bulacio | D89: Luciano | E89: 15:00 - 21:00 | F89: 15:00 - 21:00 | G89: 648414 | H89: 89162 | I89: 3851254 | J89: DVH | K89: DVH | L89: 83947 | M89: 74054 | N89: garciabulacio.5 | O89: VCTLUGAR | R89: 40437526 | S89: 20-40437526-2 | T89: 44046 | U89: 44046 | V89: 44057 | W89: 46 | X89: Campus Casino | Z89: On Site | AA89: (Hs Orig 15:00 - 21:00 OFF Dom Sab)
A90: Campero Juarez Maria Guadalupe | B90: Mendoza Norma Mercedes | C90: Gomez | D90: Lourdes María | E90: 15:00 - 21:00 | F90: 15:00 - 21:00 | G90: 648415 | H90: 89176 | I90: 3851265 | J90: DVH | K90: DVH | L90: 83947 | M90: 74054 | N90: gomez.1589 | O90: VCTLOGOM | R90: 41833251 | S90: 23-41833251-4 | T90: 44046 | U90: 44046 | V90: 44057 | W90: 46 | X90: Campus Casino | Z90: On Site | AA90: (Hs Orig 15:00 - 21:00 OFF Dom Sab)
A91: Campero Juarez Maria Guadalupe | B91: Mendoza Norma Mercedes | C91: Gonzalez Conidares | D91: Enzo Micael | E91: LOA | F91: LOA | G91: 648416 | H91: 89152 | I91: 3851228 | J91: DVH | K91: DVH | L91: 83947 | M91: 74054 | N91: gonzalezconidares.5 | O91: VCTMIGON | R91: 42269972 | S91: 20-42269972-5 | T91: 44046 | U91: 44046 | V91: 44057 | W91: 46 | X91: Campus Casino | Z91: On Site | AA91: (Hs Orig 15:00 - 21:00 OFF Dom Sab)
A92: Campero Juarez Maria Guadalupe | B92: Mendoza Norma Mercedes | C92: González Jiménez | D92: Jorge Iván | E92: 15:00 - 21:00 | F92: 15:00 - 21:00 | G92: 648417 | H92: 89175 | I92: 3851268 | J92: DVH | K92: DVH | L92: 83947 | M92: 74054 | N92: gonzalezjimenez.45 | O92: VCTJOGON | R92: 37838075 | S92: 20-37838075-9 | T92: 44046 | U92: 44046 | V92: 44057 | W92: 46 | X92: Campus Casino | Z92: On Site | AA92: (Hs Orig 15:00 - 21:00 OFF Dom Sab)
A93: Campero Juarez Maria Guadalupe | B93: Mendoza Norma Mercedes | C93: Ibañez | D93: Jeremias Raul | E93: 15:00 - 21:00 | F93: 15:00 - 21:00 | G93: 648419 | H93: 89167 | I93: 1308377 | J93: DVH | K93: DVH | L93: 83947 | M93: 74054 | N93: ibanez.209 | O93: VCTJEIBA | R93: 37916231 | S93: 27-37916231-8 | T93: 44046 | U93: 44046 | V93: 44057 | W93: 46 | X93: Campus Casino | Z93: On Site | AA93: (Hs Orig 15:00 - 21:00 OFF Dom Sab)
A94: Campero Juarez Maria Guadalupe | B94: Mendoza Norma Mercedes | C94: Ledesma | D94: Maria Florencia | E94: 15:00 - 21:00 | F94: 15:00 - 21:00 | G94: 648421 | H94: 89179 | I94: 3851259 | J94: DVH | K94: DVH | L94: 83947 | M94: 74054 | N94: ledesma.271 | O94: VCTMALED | R94: 36132635 | S94: 27-36132635-6 | T94: 44046 | U94: 44046 | V94: 44057 | W94: 46 | X94: Campus Casino | Z94: On Site | AA94: (Hs Orig 15:00 - 21:00 OFF Dom Sab)
A95: Campero Juarez Maria Guadalupe | B95: Mendoza Norma Mercedes | C95: Lobo | D95: Miguel | E95: LOA | F95: LOA | G95: 648422 | H95: 89178 | I95: 3851263 | J95: DVH | K95: DVH | L95: 83947 | M95: 74054 | N95: lobo.134 | O95: VCTMILOB | R95: 41736742 | S95: 20-41736742-0 | T95: 44046 | U95: 44046 | V95: 44057 | W95: 46 | X95: Campus Casino | Z95: On Site | AA95: (Hs Orig 15:00 - 21:00 OFF Dom Sab)
A96: Campero Juarez Maria Guadalupe | B96: Mendoza Norma Mercedes | C96: Martinez | D96: Yahir Jesus | E96: 15:00 - 21:00 | F96: 15:00 - 21:00 | G96: 648424 | H96: 89158 | I96: 3851236 | J96: DVH | K96: DVH | L96: 83947 | M96: 74054 | N96: martinez.3660 | O96: VCTYAMAR | R96: 36347133 | S96: 20-36347133-2 | T96: 44046 | U96: 44046 | V96: 44057 | W96: 46 | X96: Campus Casino | Z96: On Site | AA96: (Hs Orig 15:00 - 21:00 OFF Dom Sab)
A97: Campero Juarez Maria Guadalupe | B97: Mendoza Norma Mercedes | C97: Martinez Iturbe | D97: Santiago Isaac | E97: 15:00 - 21:00 | F97: 15:00 - 21:00 | G97: 648425 | H97: 89177 | I97: 3851264 | J97: DVH | K97: DVH | L97: 83947 | M97: 74054 | N97: martineziturbe.5 | O97: VCTISMAR | R97: 43362130 | S97: 20-43362130-2 | T97: 44046 | U97: 44046 | V97: 44057 | W97: 46 | X97: Campus Casino | Z97: On Site | AA97: (Hs Orig 09:00 - 15:00 OFF Dom Sab)
A98: Campero Juarez Maria Guadalupe | B98: Mendoza Norma Mercedes | C98: Montenegro Mansilla | D98: Milagros | E98: 15:00 - 21:00 | F98: 15:00 - 21:00 | G98: 648428 | H98: 89172 | I98: 3851276 | J98: DVH | K98: DVH | L98: 83947 | M98: 74054 | N98: montenegromansilla.5 | O98: VCTMIMON | R98: 41059241 | S98: 27-41059241-5 | T98: 44046 | U98: 44046 | V98: 44057 | W98: 46 | X98: Campus Casino | Z98: On Site | AA98: (Hs Orig 09:00 - 15:00 OFF Dom Sab)
A99: Campero Juarez Maria Guadalupe | B99: Mendoza Norma Mercedes | C99: Pons Amún | D99: Solana Agostina | E99: LOA | F99: LOA | G99: 648430 | H99: 89170 | I99: 3851277 | J99: DVH | K99: DVH | L99: 83947 | M99: 74054 | N99: ponsamun.5 | O99: VCTSOPON | R99: 41649190 | S99: 27-41649190-4 | T99: 44046 | U99: 44046 | V99: 44057 | W99: 46 | X99: Campus Casino | Z99: On Site | AA99: (Hs Orig 09:00 - 15:00 OFF Dom Sab)
A100: Campero Juarez Maria Guadalupe | B100: Mendoza Norma Mercedes | C100: Saavedra | D100: Virginia Valeria | E100: 15:00 - 21:00 | F100: 15:00 - 21:00 | G100: 648434 | H100: 89157 | I100: 3851221 | J100: DVH | K100: DVH | L100: 83947 | M100: 74054 | N100: saavedra.182 | O100: VCTVISAA | R100: 42939063 | T100: 44046 | U100: 44046 | V100: 44057 | W100: 46 | X100: Campus Casino | Z100: On Site | AA100: (Hs Orig 15:00 - 21:00 OFF Dom Sab)
...

Sheet Sups' Final Roster 0913-0919
A1: ACM | B1: Supervisor | C1: Sunday | D1: Monday | E1: Tuesday | F1: Wednesday | G1: Thrusday | H1: Friday | I1: Saturday | J1: Legajo | K1: CCMSID
A2: Campero Juarez Maria Guadalupe | B2: Arias Juan José | C2: OFF | D2: 12:00 - 21:00 | E2: 12:00 - 21:00 | F2: 12:00 - 21:00 | G2: 12:00 - 21:00 | H2: 12:00 - 21:00 | I2: OFF | J2: 84825 | K2: 2770365
A3: Campero Juarez Maria Guadalupe | B3: Corbera Susana Sofía | C3: OFF | D3: 12:00 - 21:00 | E3: 12:00 - 21:00 | F3: 12:00 - 21:00 | G3: 12:00 - 21:00 | H3: 12:00 - 21:00 | I3: OFF | J3: 81043 | K3: 1880608
A4: Campero Juarez Maria Guadalupe | B4: Podazza Villagra Daniel Matias | C4: OFF | D4: 12:00 - 21:00 | E4: 12:00 - 21:00 | F4: 12:00 - 21:00 | G4: 12:00 - 21:00 | H4: 12:00 - 21:00 | I4: OFF | J4: 80740 | K4: 1793255
A5: Campero Juarez Maria Guadalupe | B5: Gregoratti Juan Carlos | C5: OFF | D5: 12:00 - 21:00 | E5: 12:00 - 21:00 | F5: 12:00 - 21:00 | G5: 12:00 - 21:00 | H5: 12:00 - 21:00 | I5: OFF | J5: 79688 | K5: 1453697
A6: Pérez Zitzke Agustina | B6: Vazquez Valladares Eduardo Alejandro | C6: OFF | D6: 12:00 - 21:00 | E6: 12:00 - 21:00 | F6: 12:00 - 21:00 | G6: 12:00 - 21:00 | H6: 12:00 - 21:00 | I6: OFF | J6: 77681 | K6: 1077981
A7: Pérez Zitzke Agustina | B7: Ramallo Jose Emanuel | C7: OFF | D7: 12:00 - 21:00 | E7: 12:00 - 21:00 | F7: 12:00 - 21:00 | G7: 12:00 - 21:00 | H7: 12:00 - 21:00 | I7: OFF | J7: 79479 | K7: 1407265
A8: Campero Juarez Maria Guadalupe | B8: Criado Esteban | C8: OFF | D8: 12:00 - 21:00 | E8: 12:00 - 21:00 | F8: 12:00 - 21:00 | G8: 12:00 - 21:00 | H8: 12:00 - 21:00 | I8: OFF | J8: 85154 | K8: 1815266
A9: Ortiz Jose María | B9: Diaz Jesica Luciana | C9: OFF | D9: 07:30 - 16:30 | E9: 07:30 - 16:30 | F9: 07:30 - 16:30 | G9: 07:30 - 16:30 | H9: 07:30 - 16:30 | I9: OFF | J9: 66977 | K9: 500642
A10: Pérez Zitzke Agustina | B10: Villa Aleman Alejandro Roberto | C10: OFF | D10: 08:00 - 17:00 | E10: 08:00 - 17:00 | F10: 08:00 - 17:00 | G10: 08:00 - 17:00 | H10: 08:00 - 17:00 | I10: OFF | J10: 81755 | K10: 2052783
A11: Ortiz Jose María | B11: Brandan Ernesto Alejandro | C11: OFF | D11: 08:00 - 17:00 | E11: 08:00 - 17:00 | F11: 08:00 - 17:00 | G11: 08:00 - 17:00 | H11: 08:00 - 17:00 | I11: OFF | J11: 74323 | K11: 595902
A12: Ortiz Jose María | B12: Britos Fernando José | C12: OFF | D12: 08:00 - 17:00 | E12: 08:00 - 17:00 | F12: 08:00 - 17:00 | G12: 08:00 - 17:00 | H12: 08:00 - 17:00 | I12: OFF | J12: 70271 | K12: 490014
A13: Ortiz Jose María | B13: Esquivel Pavan Pamela Sol | C13: OFF | D13: 08:00 - 17:00 | E13: 08:00 - 17:00 | F13: 08:00 - 17:00 | G13: 08:00 - 17:00 | H13: 08:00 - 17:00 | I13: OFF | J13: 78667 | K13: 1244026
... A20: Ortiz Jose María | B20: Silva Gabriel Alberto | C20: OFF | D20: 08:00 - 17:00 | E20: 08:00 - 17:00 | F20: 08:00 - 17:00 | G20: 08:00 - 17:00 | H20: 08:00 - 17:00 | I20: OFF | J20: 84144 | K20: 2714348

Sheet ACMs' Final Roster 0913-0919
A1: CCM | B1: ACM | C1: Sunday | D1: Monday | E1: Tuesday | F1: Wednesday | G1: Thrusday | H1: Friday | I1: Saturday | J1: Legajo | K1: CCMSID
A2: Décima Romina Soledad | B2: Ortiz Jose María | C2: OFF | D2: 09:00 - 18:00 | E2: 09:00 - 18:00 | F2: 09:00 - 18:00 | G2: 09:00 - 18:00 | H2: 09:00 - 18:00 | I2: OFF | J2: 64118 | K2: 433569
A3: Décima Romina Soledad | B3: Campero Juarez Maria Guadalupe | C3: OFF | D3: 11:00 - 20:00 | E3: 11:00 - 20:00 | F3: 11:00 - 20:00 | G3: 11:00 - 20:00 | H3: 11:00 - 20:00 | I3: OFF | J3: 74054 | K3: 590259
A4: Décima Romina Soledad | B4: Pérez Zitzke Agustina | C4: OFF | D4: 09:00 - 18:00 | E4: 09:00 - 18:00 | F4: 09:00 - 18:00 | G4: 09:00 - 18:00 | H4: 09:00 - 18:00 | I4: OFF | J4: 59438 | K4: 433173

Sheet Ratios
A1: RATIO Prisma
A3: ACM | B3: Supervisor | C3: Supervisores | D3: Share | H3: ACM | I3: Supervisor | J3: Agentes | K3: Share
A4: Ortiz Jose María | B4: Diaz Jesica Luciana | C4: 20 | D4: 0.06116208 | H4: Ortiz Jose María | I4: Brandan Ernesto Alejandro | J4: 21 | K4: 0.10144928
B5: Brandan Ernesto Alejandro | C5: 21 | D5: 0.064220183 | I5: Esquivel Pavan Pamela Sol | J5: 21 | K5: 0.10144928
B6: Esquivel Pavan Pamela Sol | C6: 21 | D6: 0.064220183 | I6: Diaz Jesica Luciana | J6: 20 | K6: 0.096618357
B7: Gerez Andrea Soledad | C7: 19 | D7: 0.058103976 | I7: Gerez Andrea Soledad | J7: 19 | K7: 0.09178744
B8: Britos Fernando José | C8: 16 | D8: 0.048929664 | I8: Britos Fernando José | J8: 16 | K8: 0.077294686
B9: Silva Gabriel Alberto | C9: 9 | D9: 0.027522936 | H9: Ortiz Jose María Total | J9: 97 | K9: 0.46859903
A10: Ortiz Jose María Total | C10: 106 | D10: 0.32415902 | H10: Campero Juarez Maria Guadalupe | I10: Podazza Villagra Daniel Matias | J10: 19 | K10: 0.09178744
A11: Campero Juarez Maria Guadalupe | B11: Arias Juan José | C11: 18 | D11: 0.055045872 | I11: Corbera Susana Sofía | J11: 19 | K11: 0.09178744
B12: Podazza Villagra Daniel Matias | C12: 19 | D12: 0.058103976 | I12: Arias Juan José | J12: 18 | K12: 0.086956522
B13: Gregoratti Juan Carlos | C13: 17 | D13: 0.051987768 | I13: Gregoratti Juan Carlos | J13: 17 | K13: 0.082125604
B14: Corbera Susana Sofía | C14: 19 | D14: 0.058103976 | H14: Campero Juarez Maria Guadalupe Total | J14: 73 | K14: 0.352657
B15: Criado Esteban | C15: 20 | D15: 0.06116208 | H15: Perez Zitzke Agustina | I15: Villa Aleman Alejandro Roberto | J15: 21 | K15: 0.10144928
B16: Bachur Karim | C16: 14 | D16: 0.042813456 | I16: Vazquez Valladares Eduardo Alejandro | J16: 16 | K16: 0.077294686
B17: Mendoza Norma Mercedes | C17: 13 | D17: 0.039755352 | H17: Perez Zitzke Agustina Total | J17: 37 | K17: 0.17874396
A18: Campero Juarez Maria Guadalupe Total | C18: 120 | D18: 0.36697248 | H18: Grand Total | J18: 207 | K18: 1
A19: Perez Zitzke Agustina | B19: Vazquez Valladares Eduardo Alejandro | C19: 16 | D19: 0.048929664
B20: Villa Aleman Alejandro Roberto | C20: 21 | D20: 0.064220183
B21: Grimaldi Agustina Sofía | C21: 17 | D21: 0.051987768
B22: Ramallo Jose Emanuel | C22: 19 | D22: 0.058103976
B23: Palomino Juan Pablo | C23: 19 | D23: 0.058103976
B24: Albornoz Miguel | C24: 9 | D24: 0.027522936
A25: Perez Zitzke Agustina Total | C25: 101 | D25: 0.3088685
A26: Grand Total | C26: 327 | D26: 1

Sheet Agents
A1: ACM | B1: Supervisor | C1: Last Name | D1: First Name | E1: Sunday | F1: Monday | G1: Tuesday | H1: Wednesday | I1: Thrusday | J1: Friday | K1: Saturday | L1: Attriton Date | M1: Comments | N1: Type | O1: Sun Hrs. | P1: Mon Hrs. | Q1: Tue Hrs. | R1: Wed Hrs. | S1: Thu Hrs. | T1: Fri Hrs. | U1: Sat Hrs. | V1: Scheduled Hrs. | W1: ACDID | X1: Agent´s Payroll Number | Y1: CCMSID | Z1: LOB | AA1: Secondary Skill | AB1: Supervisor´s Payroll Numer | AC1: ACM´s Payroll Number | AD1: NT Loguin | AE1: User #1 | AF1: User #2 | AG1: Telephone Number | AH1: DNI | AI1: CUIL | AJ1: TPARG Hire Date | AK1: Project Hire Date | AL1: Production Hire Date | AM1: Tenure | AN1: Site | AO1: Set Skill Programado | AP1: LOA
A2: ='Agents'' Final Roster 0913-0919'!A2 -> Campero Juarez Maria Guadalupe | B2: ='Agents'' Final Roster 0913-0919'!B2 -> Arias Juan José | C2: ='Agents'' Final Roster 0913-0919'!C2 -> Bautista Boloña | D2: ='Agents'' Final Roster 0913-0919'!D2 -> Luciana Florencia | Z2: ='Agents'' Final Roster 0913-0919'!J2 -> CSV2
A3: ='Agents'' Final Roster 0913-0919'!A3 -> Campero Juarez Maria Guadalupe | B3: ='Agents'' Final Roster 0913-0919'!B3 -> Arias Juan José | C3: ='Agents'' Final Roster 0913-0919'!C3 -> Albornoz Perez | D3: ='Agents'' Final Roster 0913-0919'!D3 -> Jose Ezequiel | Z3: ='Agents'' Final Roster 0913-0919'!J3 -> DVH
A4: ='Agents'' Final Roster 0913-0919'!A4 -> Campero Juarez Maria Guadalupe | B4: ='Agents'' Final Roster 0913-0919'!B4 -> Podazza Villagra Daniel Matias | C4: ='Agents'' Final Roster 0913-0919'!C4 -> Ale | D4: ='Agents'' Final Roster 0913-0919'!D4 -> Rocío Agustina | Z4: ='Agents'' Final Roster 0913-0919'!J4 -> Servicios web
A5: ='Agents'' Final Roster 0913-0919'!A5 -> Campero Juarez Maria Guadalupe | B5: ='Agents'' Final Roster 0913-0919'!B5 -> Podazza Villagra Daniel Matias | C5: ='Agents'' Final Roster 0913-0919'!C5 -> Aragón | D5: ='Agents'' Final Roster 0913-0919'!D5 -> Maria Celeste | Z5: ='Agents'' Final Roster 0913-0919'!J5 -> Compras Referidas
A6: ='Agents'' Final Roster 0913-0919'!A6 -> Campero Juarez Maria Guadalupe | B6: ='Agents'' Final Roster 0913-0919'!B6 -> Arias Juan José | C6: ='Agents'' Final Roster 0913-0919'!C6 -> Brito | D6: ='Agents'' Final Roster 0913-0919'!D6 -> Jesus Exequiel | Z6: ='Agents'' Final Roster 0913-0919'!J6 -> CSV3
A7: ='Agents'' Final Roster 0913-0919'!A7 -> Campero Juarez Maria Guadalupe | B7: ='Agents'' Final Roster 0913-0919'!B7 -> Arias Juan José | C7: ='Agents'' Final Roster 0913-0919'!C7 -> Carabajal | D7: ='Agents'' Final Roster 0913-0919'!D7 -> Priscila Daiana | Z7: ='Agents'' Final Roster 0913-0919'!J7 -> CSV3
A8: ='Agents'' Final Roster 0913-0919'!A8 -> Campero Juarez Maria Guadalupe | B8: ='Agents'' Final Roster 0913-0919'!B8 -> Arias Juan José | C8: ='Agents'' Final Roster 0913-0919'!C8 -> Casares | D8: ='Agents'' Final Roster 0913-0919'!D8 -> Diego Jesus | Z8: ='Agents'' Final Roster 0913-0919'!J8 -> VIP
A9: ='Agents'' Final Roster 0913-0919'!A9 -> Campero Juarez Maria Guadalupe | B9: ='Agents'' Final Roster 0913-0919'!B9 -> Podazza Villagra Daniel Matias | C9: ='Agents'' Final Roster 0913-0919'!C9 -> Cejas | D9: ='Agents'' Final Roster 0913-0919'!D9 -> Ignacio Martin | Z9: ='Agents'' Final Roster 0913-0919'!J9 -> Compras Referidas
A10: ='Agents'' Final Roster 0913-0919'!A10 -> Campero Juarez Maria Guadalupe | B10: ='Agents'' Final Roster 0913-0919'!B10 -> Podazza Villagra Daniel Matias | C10: ='Agents'' Final Roster 0913-0919'!C10 -> Cisneros | D10: ='Agents'' Final Roster 0913-0919'!D10 -> Roxana Natalia | Z10: ='Agents'' Final Roster 0913-0919'!J10 -> Servicios web
A11: ='Agents'' Final Roster 0913-0919'!A11 -> Campero Juarez Maria Guadalupe | B11: ='Agents'' Final Roster 0913-0919'!B11 -> Arias Juan José | C11: ='Agents'' Final Roster 0913-0919'!C11 -> Corbera | D11: ='Agents'' Final Roster 0913-0919'!D11 -> Elena Beatriz | Z11: ='Agents'' Final Roster 0913-0919'!J11 -> CSV2
A12: ='Agents'' Final Roster 0913-0919'!A12 -> Campero Juarez Maria Guadalupe | B12: ='Agents'' Final Roster 0913-0919'!B12 -> Arias Juan José | C12: ='Agents'' Final Roster 0913-0919'!C12 -> Escobar | D12: ='Agents'' Final Roster 0913-0919'!D12 -> Marcos Nahuel | Z12: ='Agents'' Final Roster 0913-0919'!J12 -> CSV3
A13: ='Agents'' Final Roster 0913-0919'!A13 -> Campero Juarez Maria Guadalupe | B13: ='Agents'' Final Roster 0913-0919'!B13 -> Arias Juan José | C13: ='Agents'' Final Roster 0913-0919'!C13 -> Juarez | D13: ='Agents'' Final Roster 0913-0919'!D13 -> Carlos Luciano | Z13: ='Agents'' Final Roster 0913-0919'!J13 -> VIP
... A184: ='Agents'' Final Roster 0913-0919'!A184 -> Ortiz Jose María | B184: ='Agents'' Final Roster 0913-0919'!B184 -> Esquivel Pavan Pamela Sol | C184: ='Agents'' Final Roster 0913-0919'!C184 -> Correa | D184: ='Agents'' Final Roster 0913-0919'!D184 -> David Maximiliano | Z184: ='Agents'' Final Roster 0913-0919'!J184 -> DVH
A185: ='Agents'' Final Roster 0913-0919'!#REF! -> #REF! | B185: ='Agents'' Final Roster 0913-0919'!#REF! -> #REF! | C185: ='Agents'' Final Roster 0913-0919'!#REF! -> #REF! | D185: ='Agents'' Final Roster 0913-0919'!#REF! -> #REF! | Z185: ='Agents'' Final Roster 0913-0919'!#REF! -> #REF!
A186: ='Agents'' Final Roster 0913-0919'!#REF! -> #REF! | B186: ='Agents'' Final Roster 0913-0919'!#REF! -> #REF! | C186: ='Agents'' Final Roster 0913-0919'!#REF! -> #REF! | D186: ='Agents'' Final Roster 0913-0919'!#REF! -> #REF! | Z186: ='Agents'' Final Roster 0913-0919'!#REF! -> #REF!
A187: ='Agents'' Final Roster 0913-0919'!#REF! -> #REF! | B187: ='Agents'' Final Roster 0913-0919'!#REF! -> #REF! | C187: ='Agents'' Final Roster 0913-0919'!#REF! -> #REF! | D187: ='Agents'' Final Roster 0913-0919'!#REF! -> #REF! | Z187: ='Agents'' Final Roster 0913-0919'!#REF! -> #REF!
A188: ='Agents'' Final Roster 0913-0919'!#REF! -> #REF! | B188: ='Agents'' Final Roster 0913-0919'!#REF! -> #REF! | C188: ='Agents'' Final Roster 0913-0919'!#REF! -> #REF! | D188: ='Agents'' Final Roster 0913-0919'!#REF! -> #REF! | Z188: ='Agents'' Final Roster 0913-0919'!#REF! -> #REF!
A189: ='Agents'' Final Roster 0913-0919'!#REF! -> #REF! | B189: ='Agents'' Final Roster 0913-0919'!#REF! -> #REF! | C189: ='Agents'' Final Roster 0913-0919'!#REF! -> #REF! | D189: ='Agents'' Final Roster 0913-0919'!#REF! -> #REF! | Z189: ='Agents'' Final Roster 0913-0919'!#REF! -> #REF!
A190: ='Agents'' Final Roster 0913-0919'!#REF! -> #REF! | B190: ='Agents'' Final Roster 0913-0919'!#REF! -> #REF! | C190: ='Agents'' Final Roster 0913-0919'!#REF! -> #REF! | D190: ='Agents'' Final Roster 0913-0919'!#REF! -> #REF! | Z190: ='Agents'' Final Roster 0913-0919'!#REF! -> #REF!
A191: ='Agents'' Final Roster 0913-0919'!#REF! -> #REF! | B191: ='Agents'' Final Roster 0913-0919'!#REF! -> #REF! | C191: ='Agents'' Final Roster 0913-0919'!#REF! -> #REF! | D191: ='Agents'' Final Roster 0913-0919'!#REF! -> #REF! | Z191: ='Agents'' Final Roster 0913-0919'!#REF! -> #REF!
A192: ='Agents'' Final Roster 0913-0919'!#REF! -> #REF! | B192: ='Agents'' Final Roster 0913-0919'!#REF! -> #REF! | C192: ='Agents'' Final Roster 0913-0919'!#REF! -> #REF! | D192: ='Agents'' Final Roster 0913-0919'!#REF! -> #REF! | Z192: ='Agents'' Final Roster 0913-0919'!#REF! -> #REF!
A193: ='Agents'' Final Roster 0913-0919'!#REF! -> #REF! | B193: ='Agents'' Final Roster 0913-0919'!#REF! -> #REF! | C193: ='Agents'' Final Roster 0913-0919'!#REF! -> #REF! | D193: ='Agents'' Final Roster 0913-0919'!#REF! -> #REF! | Z193: ='Agents'' Final Roster 0913-0919'!#REF! -> #REF!
A194: ='Agents'' Final Roster 0913-0919'!#REF! -> #REF! | B194: ='Agents'' Final Roster 0913-0919'!#REF! -> #REF! | C194: ='Agents'' Final Roster 0913-0919'!#REF! -> #REF! | D194: ='Agents'' Final Roster 0913-0919'!#REF! -> #REF! | Z194: ='Agents'' Final Roster 0913-0919'!#REF! -> #REF!
A195: ='Agents'' Final Roster 0913-0919'!#REF! -> #REF! | B195: ='Agents'' Final Roster 0913-0919'!#REF! -> #REF! | C195: ='Agents'' Final Roster 0913-0919'!#REF! -> #REF! | D195: ='Agents'' Final Roster 0913-0919'!#REF! -> #REF! | Z195: ='Agents'' Final Roster 0913-0919'!#REF! -> #REF!
A196: ='Agents'' Final Roster 0913-0919'!#REF! -> #REF! | B196: ='Agents'' Final Roster 0913-0919'!#REF! -> #REF! | C196: ='Agents'' Final Roster 0913-0919'!#REF! -> #REF! | D196: ='Agents'' Final Roster 0913-0919'!#REF! -> #REF! | Z196: ='Agents'' Final Roster 0913-0919'!#REF! -> #REF!
... A239: ='Agents'' Final Roster 0913-0919'!#REF! -> #REF! | B239: ='Agents'' Final Roster 0913-0919'!#REF! -> #REF! | C239: ='Agents'' Final Roster 0913-0919'!#REF! -> #REF! | D239: ='Agents'' Final Roster 0913-0919'!#REF! -> #REF! | Z239: ='Agents'' Final Roster 0913-0919'!#REF! -> #REF!
A240: ='Agents'' Final Roster 0913-0919'!A185 -> Ortiz Jose María | B240: ='Agents'' Final Roster 0913-0919'!B185 -> Esquivel Pavan Pamela Sol | C240: ='Agents'' Final Roster 0913-0919'!C185 -> Guevara | D240: ='Agents'' Final Roster 0913-0919'!D185 -> Carlos Augusto | Z240: ='Agents'' Final Roster 0913-0919'!J185 -> CSV2
A241: ='Agents'' Final Roster 0913-0919'!A186 -> Ortiz Jose María | B241: ='Agents'' Final Roster 0913-0919'!B186 -> Esquivel Pavan Pamela Sol | C241: ='Agents'' Final Roster 0913-0919'!C186 -> Jerez | D241: ='Agents'' Final Roster 0913-0919'!D186 -> Rodrigo Facundo | Z241: ='Agents'' Final Roster 0913-0919'!J186 -> CSV1
A242: ='Agents'' Final Roster 0913-0919'!A187 -> Ortiz Jose María | B242: ='Agents'' Final Roster 0913-0919'!B187 -> Esquivel Pavan Pamela Sol | C242: ='Agents'' Final Roster 0913-0919'!C187 -> Lazarte | D242: ='Agents'' Final Roster 0913-0919'!D187 -> Carlos Enrique | Z242: ='Agents'' Final Roster 0913-0919'!J187 -> DVH
A243: ='Agents'' Final Roster 0913-0919'!A188 -> Ortiz Jose María | B243: ='Agents'' Final Roster 0913-0919'!B188 -> Esquivel Pavan Pamela Sol | C243: ='Agents'' Final Roster 0913-0919'!C188 -> Lopez | D243: ='Agents'' Final Roster 0913-0919'!D188 -> Franco Daniel | Z243: ='Agents'' Final Roster 0913-0919'!J188 -> Servicios web
A244: ='Agents'' Final Roster 0913-0919'!A189 -> Ortiz Jose María | B244: ='Agents'' Final Roster 0913-0919'!B189 -> Esquivel Pavan Pamela Sol | C244: ='Agents'' Final Roster 0913-0919'!C189 -> Mendez | D244: ='Agents'' Final Roster 0913-0919'!D189 -> Maria Laura | Z244: ='Agents'' Final Roster 0913-0919'!J189 -> CSV1
A245: ='Agents'' Final Roster 0913-0919'!A190 -> Ortiz Jose María | B245: ='Agents'' Final Roster 0913-0919'!B190 -> Esquivel Pavan Pamela Sol | C245: ='Agents'' Final Roster 0913-0919'!C190 -> Moreno | D245: ='Agents'' Final Roster 0913-0919'!D190 -> Fatima Rocio Belen | Z245: ='Agents'' Final Roster 0913-0919'!J190 -> CSV1
A246: ='Agents'' Final Roster 0913-0919'!A191 -> Ortiz Jose María | B246: ='Agents'' Final Roster 0913-0919'!B191 -> Esquivel Pavan Pamela Sol | C246: ='Agents'' Final Roster 0913-0919'!C191 -> Navarro | D246: ='Agents'' Final Roster 0913-0919'!D191 -> Luciano Gustavo | Z246: ='Agents'' Final Roster 0913-0919'!J191 -> CSV2
A247: ='Agents'' Final Roster 0913-0919'!A192 -> Ortiz Jose María | B247: ='Agents'' Final Roster 0913-0919'!B192 -> Esquivel Pavan Pamela Sol | C247: ='Agents'' Final Roster 0913-0919'!C192 -> Perez | D247: ='Agents'' Final Roster 0913-0919'!D192 -> Maria Jose | Z247: ='Agents'' Final Roster 0913-0919'!J192 -> CSV1
A248: ='Agents'' Final Roster 0913-0919'!A193 -> Ortiz Jose María | B248: ='Agents'' Final Roster 0913-0919'!B193 -> Esquivel Pavan Pamela Sol | C248: ='Agents'' Final Roster 0913-0919'!C193 -> Reinoso Cisnero | D248: ='Agents'' Final Roster 0913-0919'!D193 -> Gaspar | Z248: ='Agents'' Final Roster 0913-0919'!J193 -> Servicios web
A249: ='Agents'' Final Roster 0913-0919'!A194 -> Ortiz Jose María | B249: ='Agents'' Final Roster 0913-0919'!B194 -> Esquivel Pavan Pamela Sol | C249: ='Agents'' Final Roster 0913-0919'!C194 -> Rodriguez | D249: ='Agents'' Final Roster 0913-0919'!D194 -> Alejandra Isabel | Z249: ='Agents'' Final Roster 0913-0919'!J194 -> Compras Referidas
A250: ='Agents'' Final Roster 0913-0919'!A195 -> Ortiz Jose María | B250: ='Agents'' Final Roster 0913-0919'!B195 -> Esquivel Pavan Pamela Sol | C250: ='Agents'' Final Roster 0913-0919'!C195 -> Rossi | D250: ='Agents'' Final Roster 0913-0919'!D195 -> Griselda Analia | Z250: ='Agents'' Final Roster 0913-0919'!J195 -> CSV2
A251: ='Agents'' Final Roster 0913-0919'!A196 -> Ortiz Jose María | B251: ='Agents'' Final Roster 0913-0919'!B196 -> Esquivel Pavan Pamela Sol | C251: ='Agents'' Final Roster 0913-0919'!C196 -> Rotondo | D251: ='Agents'' Final Roster 0913-0919'!D196 -> Eliana Romina | Z251: ='Agents'' Final Roster 0913-0919'!J196 -> CSV1
... A306: ='Agents'' Final Roster 0913-0919'!A251 -> Perez Zitzke Agustina | B306: ='Agents'' Final Roster 0913-0919'!B251 -> Grimaldi Agustina Sofía | C306: ='Agents'' Final Roster 0913-0919'!C251 -> Uncos | D306: ='Agents'' Final Roster 0913-0919'!D251 -> Cristian Carlos | Z306: ='Agents'' Final Roster 0913-0919'!J251 -> Compras Referidas
A307: ='Agents'' Final Roster 0913-0919'!#REF! -> #REF! | B307: ='Agents'' Final Roster 0913-0919'!#REF! -> #REF! | C307: ='Agents'' Final Roster 0913-0919'!#REF! -> #REF! | D307: ='Agents'' Final Roster 0913-0919'!#REF! -> #REF! | Z307: ='Agents'' Final Roster 0913-0919'!#REF! -> #REF!
A308: ='Agents'' Final Roster 0913-0919'!#REF! -> #REF! | B308: ='Agents'' Final Roster 0913-0919'!#REF! -> #REF! | C308: ='Agents'' Final Roster 0913-0919'!#REF! -> #REF! | D308: ='Agents'' Final Roster 0913-0919'!#REF! -> #REF! | Z308: ='Agents'' Final Roster 0913-0919'!#REF! -> #REF!
A309: ='Agents'' Final Roster 0913-0919'!A252 -> Perez Zitzke Agustina | B309: ='Agents'' Final Roster 0913-0919'!B252 -> Villa Aleman Alejandro Roberto | C309: ='Agents'' Final Roster 0913-0919'!C252 -> Villa | D309: ='Agents'' Final Roster 0913-0919'!D252 -> Luciana Pamela | Z309: ='Agents'' Final Roster 0913-0919'!J252 -> CSV2
A310: ='Agents'' Final Roster 0913-0919'!A253 -> Perez Zitzke Agustina | B310: ='Agents'' Final Roster 0913-0919'!B253 -> Grimaldi Agustina Sofía | C310: ='Agents'' Final Roster 0913-0919'!C253 -> Zamorano Ortiz | D310: ='Agents'' Final Roster 0913-0919'!D253 -> Gabriel Martin | Z310: ='Agents'' Final Roster 0913-0919'!J253 -> Compras Referidas
A311: ='Agents'' Final Roster 0913-0919'!A254 -> Perez Zitzke Agustina | B311: ='Agents'' Final Roster 0913-0919'!B254 -> Palomino Juan Pablo | C311: ='Agents'' Final Roster 0913-0919'!C254 -> Agüero | D311: ='Agents'' Final Roster 0913-0919'!D254 -> Fatima Noemi | Z311: ='Agents'' Final Roster 0913-0919'!J254 -> CSV1
A312: ='Agents'' Final Roster 0913-0919'!A255 -> Perez Zitzke Agustina | B312: ='Agents'' Final Roster 0913-0919'!B255 -> Palomino Juan Pablo | C312: ='Agents'' Final Roster 0913-0919'!C255 -> Aguero Peralta | D312: ='Agents'' Final Roster 0913-0919'!D255 -> Edith Alejandra Mabel | Z312: ='Agents'' Final Roster 0913-0919'!J255 -> DVH
A313: ='Agents'' Final Roster 0913-0919'!A256 -> Perez Zitzke Agustina | B313: ='Agents'' Final Roster 0913-0919'!B256 -> Palomino Juan Pablo | C313: ='Agents'' Final Roster 0913-0919'!C256 -> Almaraz | D313: ='Agents'' Final Roster 0913-0919'!D256 -> Leonela María del Valle | Z313: ='Agents'' Final Roster 0913-0919'!J256 -> CSV1
A314: ='Agents'' Final Roster 0913-0919'!A257 -> Perez Zitzke Agustina | B314: ='Agents'' Final Roster 0913-0919'!B257 -> Palomino Juan Pablo | C314: ='Agents'' Final Roster 0913-0919'!C257 -> Castillo | D314: ='Agents'' Final Roster 0913-0919'!D257 -> Ana Elizabeth | Z314: ='Agents'' Final Roster 0913-0919'!J257 -> Servicios web
A315: ='Agents'' Final Roster 0913-0919'!A258 -> Perez Zitzke Agustina | B315: ='Agents'' Final Roster 0913-0919'!B258 -> Palomino Juan Pablo | C315: ='Agents'' Final Roster 0913-0919'!C258 -> Ezquer Texeira | D315: ='Agents'' Final Roster 0913-0919'!D258 -> Mariana del Rosario | Z315: ='Agents'' Final Roster 0913-0919'!J258 -> DVH
A316: ='Agents'' Final Roster 0913-0919'!A259 -> Perez Zitzke Agustina | B316: ='Agents'' Final Roster 0913-0919'!B259 -> Palomino Juan Pablo | C316: ='Agents'' Final Roster 0913-0919'!C259 -> Garcia | D316: ='Agents'' Final Roster 0913-0919'!D259 -> Francisco Antonio | Z316: ='Agents'' Final Roster 0913-0919'!J259 -> DVH
A317: ='Agents'' Final Roster 0913-0919'!A260 -> Perez Zitzke Agustina | B317: ='Agents'' Final Roster 0913-0919'!B260 -> Palomino Juan Pablo | C317: ='Agents'' Final Roster 0913-0919'!C260 -> Gomez | D317: ='Agents'' Final Roster 0913-0919'!D260 -> Silvana Elizabeth | Z317: ='Agents'' Final Roster 0913-0919'!J260 -> CSV1
A318: ='Agents'' Final Roster 0913-0919'!A261 -> Perez Zitzke Agustina | B318: ='Agents'' Final Roster 0913-0919'!B261 -> Palomino Juan Pablo | C318: ='Agents'' Final Roster 0913-0919'!C261 -> Martinez Lorenzo | D318: ='Agents'' Final Roster 0913-0919'!D261 -> Nayla Ayelen | Z318: ='Agents'' Final Roster 0913-0919'!J261 -> Servicios web
A319: ='Agents'' Final Roster 0913-0919'!A262 -> Perez Zitzke Agustina | B319: ='Agents'' Final Roster 0913-0919'!B262 -> Palomino Juan Pablo | C319: ='Agents'' Final Roster 0913-0919'!C262 -> Mereles Zerda | D319: ='Agents'' Final Roster 0913-0919'!D262 -> Ana Carolina | Z319: ='Agents'' Final Roster 0913-0919'!J262 -> DVH
A320: ='Agents'' Final Roster 0913-0919'!A263 -> Perez Zitzke Agustina | B320: ='Agents'' Final Roster 0913-0919'!B263 -> Palomino Juan Pablo | C320: ='Agents'' Final Roster 0913-0919'!C263 -> Pacheco | D320: ='Agents'' Final Roster 0913-0919'!D263 -> Miguel Alfredo | Z320: ='Agents'' Final Roster 0913-0919'!J263 -> Servicios web
... A336: ='Agents'' Final Roster 0913-0919'!A279 -> Perez Zitzke Agustina | B336: ='Agents'' Final Roster 0913-0919'!B279 -> Ramallo Jose Emanuel | C336: ='Agents'' Final Roster 0913-0919'!C279 -> Dominguez | D336: ='Agents'' Final Roster 0913-0919'!D279 -> Julian Ernesto | Z336: ='Agents'' Final Roster 0913-0919'!J279 -> CSV1
A337: ='Agents'' Final Roster 0913-0919'!#REF! -> #REF! | B337: ='Agents'' Final Roster 0913-0919'!#REF! -> #REF! | C337: ='Agents'' Final Roster 0913-0919'!#REF! -> #REF! | D337: ='Agents'' Final Roster 0913-0919'!#REF! -> #REF! | Z337: ='Agents'' Final Roster 0913-0919'!#REF! -> #REF!
A338: ='Agents'' Final Roster 0913-0919'!#REF! -> #REF! | B338: ='Agents'' Final Roster 0913-0919'!#REF! -> #REF! | C338: ='Agents'' Final Roster 0913-0919'!#REF! -> #REF! | D338: ='Agents'' Final Roster 0913-0919'!#REF! -> #REF! | Z338: ='Agents'' Final Roster 0913-0919'!#REF! -> #REF!
A339: ='Agents'' Final Roster 0913-0919'!#REF! -> #REF! | B339: ='Agents'' Final Roster 0913-0919'!#REF! -> #REF! | C339: ='Agents'' Final Roster 0913-0919'!#REF! -> #REF! | D339: ='Agents'' Final Roster 0913-0919'!#REF! -> #REF! | Z339: ='Agents'' Final Roster 0913-0919'!#REF! -> #REF!
A340: ='Agents'' Final Roster 0913-0919'!#REF! -> #REF! | B340: ='Agents'' Final Roster 0913-0919'!#REF! -> #REF! | C340: ='Agents'' Final Roster 0913-0919'!#REF! -> #REF! | D340: ='Agents'' Final Roster 0913-0919'!#REF! -> #REF! | Z340: ='Agents'' Final Roster 0913-0919'!#REF! -> #REF!
A341: ='Agents'' Final Roster 0913-0919'!#REF! -> #REF! | B341: ='Agents'' Final Roster 0913-0919'!#REF! -> #REF! | C341: ='Agents'' Final Roster 0913-0919'!#REF! -> #REF! | D341: ='Agents'' Final Roster 0913-0919'!#REF! -> #REF! | Z341: ='Agents'' Final Roster 0913-0919'!#REF! -> #REF!
A342: ='Agents'' Final Roster 0913-0919'!#REF! -> #REF! | B342: ='Agents'' Final Roster 0913-0919'!#REF! -> #REF! | C342: ='Agents'' Final Roster 0913-0919'!#REF! -> #REF! | D342: ='Agents'' Final Roster 0913-0919'!#REF! -> #REF! | Z342: ='Agents'' Final Roster 0913-0919'!#REF! -> #REF!
A343: ='Agents'' Final Roster 0913-0919'!#REF! -> #REF! | B343: ='Agents'' Final Roster 0913-0919'!#REF! -> #REF! | C343: ='Agents'' Final Roster 0913-0919'!#REF! -> #REF! | D343: ='Agents'' Final Roster 0913-0919'!#REF! -> #REF! | Z343: ='Agents'' Final Roster 0913-0919'!#REF! -> #REF!
A344: ='Agents'' Final Roster 0913-0919'!A280 -> Perez Zitzke Agustina | B344: ='Agents'' Final Roster 0913-0919'!B280 -> Ramallo Jose Emanuel | C344: ='Agents'' Final Roster 0913-0919'!C280 -> Fernandez | D344: ='Agents'' Final Roster 0913-0919'!D280 -> Luciana Anahi | Z344: ='Agents'' Final Roster 0913-0919'!J280 -> Habilitaciones
A345: ='Agents'' Final Roster 0913-0919'!#REF! -> #REF! | B345: ='Agents'' Final Roster 0913-0919'!#REF! -> #REF! | C345: ='Agents'' Final Roster 0913-0919'!#REF! -> #REF! | D345: ='Agents'' Final Roster 0913-0919'!#REF! -> #REF! | Z345: ='Agents'' Final Roster 0913-0919'!#REF! -> #REF!
A346: ='Agents'' Final Roster 0913-0919'!#REF! -> #REF! | B346: ='Agents'' Final Roster 0913-0919'!#REF! -> #REF! | C346: ='Agents'' Final Roster 0913-0919'!#REF! -> #REF! | D346: ='Agents'' Final Roster 0913-0919'!#REF! -> #REF! | Z346: ='Agents'' Final Roster 0913-0919'!#REF! -> #REF!
A347: ='Agents'' Final Roster 0913-0919'!#REF! -> #REF! | B347: ='Agents'' Final Roster 0913-0919'!#REF! -> #REF! | C347: ='Agents'' Final Roster 0913-0919'!#REF! -> #REF! | D347: ='Agents'' Final Roster 0913-0919'!#REF! -> #REF! | Z347: ='Agents'' Final Roster 0913-0919'!#REF! -> #REF!
A348: ='Agents'' Final Roster 0913-0919'!#REF! -> #REF! | B348: ='Agents'' Final Roster 0913-0919'!#REF! -> #REF! | C348: ='Agents'' Final Roster 0913-0919'!#REF! -> #REF! | D348: ='Agents'' Final Roster 0913-0919'!#REF! -> #REF! | Z348: ='Agents'' Final Roster 0913-0919'!#REF! -> #REF!
A349: ='Agents'' Final Roster 0913-0919'!#REF! -> #REF! | B349: ='Agents'' Final Roster 0913-0919'!#REF! -> #REF! | C349: ='Agents'' Final Roster 0913-0919'!#REF! -> #REF! | D349: ='Agents'' Final Roster 0913-0919'!#REF! -> #REF! | Z349: ='Agents'' Final Roster 0913-0919'!#REF! -> #REF!
A350: ='Agents'' Final Roster 0913-0919'!A281 -> Perez Zitzke Agustina | B350: ='Agents'' Final Roster 0913-0919'!B281 -> Ramallo Jose Emanuel | C350: ='Agents'' Final Roster 0913-0919'!C281 -> Gomez | D350: ='Agents'' Final Roster 0913-0919'!D281 -> Maria Emilia | Z350: ='Agents'' Final Roster 0913-0919'!J281 -> DVH
A351: ='Agents'' Final Roster 0913-0919'!A282 -> Perez Zitzke Agustina | B351: ='Agents'' Final Roster 0913-0919'!B282 -> Ramallo Jose Emanuel | C351: ='Agents'' Final Roster 0913-0919'!C282 -> Gonzalez | D351: ='Agents'' Final Roster 0913-0919'!D282 -> Elizabeth de los Angeles | Z351: ='Agents'' Final Roster 0913-0919'!J282 -> TLMK
A352: ='Agents'' Final Roster 0913-0919'!A283 -> Perez Zitzke Agustina | B352: ='Agents'' Final Roster 0913-0919'!B283 -> Ramallo Jose Emanuel | C352: ='Agents'' Final Roster 0913-0919'!C283 -> González | D352: ='Agents'' Final Roster 0913-0919'!D283 -> Enzo Javier | Z352: ='Agents'' Final Roster 0913-0919'!J283 -> CSV1
A353: ='Agents'' Final Roster 0913-0919'!A284 -> Perez Zitzke Agustina | B353: ='Agents'' Final Roster 0913-0919'!B284 -> Ramallo Jose Emanuel | C353: ='Agents'' Final Roster 0913-0919'!C284 -> Guerra | D353: ='Agents'' Final Roster 0913-0919'!D284 -> Héctor Gonzalo | Z353: ='Agents'' Final Roster 0913-0919'!J284 -> CSV1
A354: ='Agents'' Final Roster 0913-0919'!A285 -> Perez Zitzke Agustina | B354: ='Agents'' Final Roster 0913-0919'!B285 -> Ramallo Jose Emanuel | C354: ='Agents'' Final Roster 0913-0919'!C285 -> Juarez Fernandez | D354: ='Agents'' Final Roster 0913-0919'!D285 -> Juan Gabriel | Z354: ='Agents'' Final Roster 0913-0919'!J285 -> CSV1
A355: ='Agents'' Final Roster 0913-0919'!A286 -> Perez Zitzke Agustina | B355: ='Agents'' Final Roster 0913-0919'!B286 -> Ramallo Jose Emanuel | C355: ='Agents'' Final Roster 0913-0919'!C286 -> Moya | D355: ='Agents'' Final Roster 0913-0919'!D286 -> Nadia Florencia | Z355: ='Agents'' Final Roster 0913-0919'!J286 -> CSV1
A356: ='Agents'' Final Roster 0913-0919'!#REF! -> #REF! | B356: ='Agents'' Final Roster 0913-0919'!#REF! -> #REF! | C356: ='Agents'' Final Roster 0913-0919'!#REF! -> #REF! | D356: ='Agents'' Final Roster 0913-0919'!#REF! -> #REF! | Z356: ='Agents'' Final Roster 0913-0919'!#REF! -> #REF!
A357: ='Agents'' Final Roster 0913-0919'!#REF! -> #REF! | B357: ='Agents'' Final Roster 0913-0919'!#REF! -> #REF! | C357: ='Agents'' Final Roster 0913-0919'!#REF! -> #REF! | D357: ='Agents'' Final Roster 0913-0919'!#REF! -> #REF! | Z357: ='Agents'' Final Roster 0913-0919'!#REF! -> #REF!
A358: ='Agents'' Final Roster 0913-0919'!#REF! -> #REF! | B358: ='Agents'' Final Roster 0913-0919'!#REF! -> #REF! | C358: ='Agents'' Final Roster 0913-0919'!#REF! -> #REF! | D358: ='Agents'' Final Roster 0913-0919'!#REF! -> #REF! | Z358: ='Agents'' Final Roster 0913-0919'!#REF! -> #REF!
A359: ='Agents'' Final Roster 0913-0919'!A287 -> Perez Zitzke Agustina | B359: ='Agents'' Final Roster 0913-0919'!B287 -> Ramallo Jose Emanuel | C359: ='Agents'' Final Roster 0913-0919'!C287 -> Perez Flores | D359: ='Agents'' Final Roster 0913-0919'!D287 -> Leandro Nahuel | Z359: ='Agents'' Final Roster 0913-0919'!J287 -> Servicios web
A360: ='Agents'' Final Roster 0913-0919'!A288 -> Perez Zitzke Agustina | B360: ='Agents'' Final Roster 0913-0919'!B288 -> Ramallo Jose Emanuel | C360: ='Agents'' Final Roster 0913-0919'!C288 -> Prado | D360: ='Agents'' Final Roster 0913-0919'!D288 -> Maria de los Angeles | Z360: ='Agents'' Final Roster 0913-0919'!J288 -> Compras Referidas
A361: ='Agents'' Final Roster 0913-0919'!A289 -> Perez Zitzke Agustina | B361: ='Agents'' Final Roster 0913-0919'!B289 -> Ramallo Jose Emanuel | C361: ='Agents'' Final Roster 0913-0919'!C289 -> Sevilla | D361: ='Agents'' Final Roster 0913-0919'!D289 -> Lourdes Florencia | Z361: ='Agents'' Final Roster 0913-0919'!J289 -> CSV1
A362: ='Agents'' Final Roster 0913-0919'!A290 -> Perez Zitzke Agustina | B362: ='Agents'' Final Roster 0913-0919'!B290 -> Ramallo Jose Emanuel | C362: ='Agents'' Final Roster 0913-0919'!C290 -> Soto | D362: ='Agents'' Final Roster 0913-0919'!D290 -> Eric Emanuel | Z362: ='Agents'' Final Roster 0913-0919'!J290 -> CSV1
A363: ='Agents'' Final Roster 0913-0919'!A291 -> Perez Zitzke Agustina | B363: ='Agents'' Final Roster 0913-0919'!B291 -> Ramallo Jose Emanuel | C363: ='Agents'' Final Roster 0913-0919'!C291 -> Valenzuela | D363: ='Agents'' Final Roster 0913-0919'!D291 -> Gonzalo Rene | Z363: ='Agents'' Final Roster 0913-0919'!J291 -> DVH
A364: ='Agents'' Final Roster 0913-0919'!A292 -> Perez Zitzke Agustina | B364: ='Agents'' Final Roster 0913-0919'!B292 -> Vazquez Valladares Eduardo Alejandro | C364: ='Agents'' Final Roster 0913-0919'!C292 -> Acosta | D364: ='Agents'' Final Roster 0913-0919'!D292 -> Gaston Exequiel | Z364: ='Agents'' Final Roster 0913-0919'!J292 -> DVH
A365: ='Agents'' Final Roster 0913-0919'!A293 -> Perez Zitzke Agustina | B365: ='Agents'' Final Roster 0913-0919'!B293 -> Vazquez Valladares Eduardo Alejandro | C365: ='Agents'' Final Roster 0913-0919'!C293 -> Alvarez | D365: ='Agents'' Final Roster 0913-0919'!D293 -> Alejandra Liliana | Z365: ='Agents'' Final Roster 0913-0919'!J293 -> Servicios web
A366: ='Agents'' Final Roster 0913-0919'!A294 -> Perez Zitzke Agustina | B366: ='Agents'' Final Roster 0913-0919'!B294 -> Vazquez Valladares Eduardo Alejandro | C366: ='Agents'' Final Roster 0913-0919'!C294 -> Alvarez | D366: ='Agents'' Final Roster 0913-0919'!D294 -> Lucas Gabriel | Z366: ='Agents'' Final Roster 0913-0919'!J294 -> CSV2
A367: ='Agents'' Final Roster 0913-0919'!A295 -> Perez Zitzke Agustina | B367: ='Agents'' Final Roster 0913-0919'!B295 -> Vazquez Valladares Eduardo Alejandro | C367: ='Agents'' Final Roster 0913-0919'!C295 -> Artaza | D367: ='Agents'' Final Roster 0913-0919'!D295 -> Milagro Ileana Maribel | Z367: ='Agents'' Final Roster 0913-0919'!J295 -> Servicios web
A368: ='Agents'' Final Roster 0913-0919'!A296 -> Perez Zitzke Agustina | B368: ='Agents'' Final Roster 0913-0919'!B296 -> Vazquez Valladares Eduardo Alejandro | C368: ='Agents'' Final Roster 0913-0919'!C296 -> Caballero | D368: ='Agents'' Final Roster 0913-0919'!D296 -> Matias Nahuel | Z368: ='Agents'' Final Roster 0913-0919'!J296 -> HD
A369: ='Agents'' Final Roster 0913-0919'!A297 -> Perez Zitzke Agustina | B369: ='Agents'' Final Roster 0913-0919'!B297 -> Vazquez Valladares Eduardo Alejandro | C369: ='Agents'' Final Roster 0913-0919'!C297 -> Castro del Sastre | D369: ='Agents'' Final Roster 0913-0919'!D297 -> Camila Belén | Z369: ='Agents'' Final Roster 0913-0919'!J297 -> CSV1
A370: ='Agents'' Final Roster 0913-0919'!A298 -> Perez Zitzke Agustina | B370: ='Agents'' Final Roster 0913-0919'!B298 -> Vazquez Valladares Eduardo Alejandro | C370: ='Agents'' Final Roster 0913-0919'!C298 -> Cipolla | D370: ='Agents'' Final Roster 0913-0919'!D298 -> Naim | Z370: ='Agents'' Final Roster 0913-0919'!J298 -> VIP
... A401: ='Agents'' Final Roster 0913-0919'!A329 -> Ortiz Jose María | B401: ='Agents'' Final Roster 0913-0919'!B329 -> Bachur Karim | C401: ='Agents'' Final Roster 0913-0919'!C329 -> Delgado Juarez | D401: ='Agents'' Final Roster 0913-0919'!D329 -> Lucia Stefanía | Z401: ='Agents'' Final Roster 0913-0919'!J329 -> DVH
A402: ='Agents'' Final Roster 0913-0919'!#REF! -> #REF! | B402: ='Agents'' Final Roster 0913-0919'!#REF! -> #REF! | C402: ='Agents'' Final Roster 0913-0919'!#REF! -> #REF! | D402: ='Agents'' Final Roster 0913-0919'!#REF! -> #REF! | Z402: ='Agents'' Final Roster 0913-0919'!#REF! -> #REF!
A403: ='Agents'' Final Roster 0913-0919'!#REF! -> #REF! | B403: ='Agents'' Final Roster 0913-0919'!#REF! -> #REF! | C403: ='Agents'' Final Roster 0913-0919'!#REF! -> #REF! | D403: ='Agents'' Final Roster 0913-0919'!#REF! -> #REF! | Z403: ='Agents'' Final Roster 0913-0919'!#REF! -> #REF!
A404: ='Agents'' Final Roster 0913-0919'!#REF! -> #REF! | B404: ='Agents'' Final Roster 0913-0919'!#REF! -> #REF! | C404: ='Agents'' Final Roster 0913-0919'!#REF! -> #REF! | D404: ='Agents'' Final Roster 0913-0919'!#REF! -> #REF! | Z404: ='Agents'' Final Roster 0913-0919'!#REF! -> #REF!
A405: ='Agents'' Final Roster 0913-0919'!#REF! -> #REF! | B405: ='Agents'' Final Roster 0913-0919'!#REF! -> #REF! | C405: ='Agents'' Final Roster 0913-0919'!#REF! -> #REF! | D405: ='Agents'' Final Roster 0913-0919'!#REF! -> #REF! | Z405: ='Agents'' Final Roster 0913-0919'!#REF! -> #REF!
A406: ='Agents'' Final Roster 0913-0919'!A330 -> Ortiz Jose María | B406: ='Agents'' Final Roster 0913-0919'!B330 -> Bachur Karim | C406: ='Agents'' Final Roster 0913-0919'!C330 -> Estoquin | D406: ='Agents'' Final Roster 0913-0919'!D330 -> Nicolas Abel | Z406: ='Agents'' Final Roster 0913-0919'!J330 -> DVH
A407: ='Agents'' Final Roster 0913-0919'!A331 -> Ortiz Jose María | B407: ='Agents'' Final Roster 0913-0919'!B331 -> Bachur Karim | C407: ='Agents'' Final Roster 0913-0919'!C331 -> Leguina | D407: ='Agents'' Final Roster 0913-0919'!D331 -> Ivana | Z407: ='Agents'' Final Roster 0913-0919'!J331 -> DVH
A408: ='Agents'' Final Roster 0913-0919'!A332 -> Ortiz Jose María | B408: ='Agents'' Final Roster 0913-0919'!B332 -> Bachur Karim | C408: ='Agents'' Final Roster 0913-0919'!C332 -> Toledo | D408: ='Agents'' Final Roster 0913-0919'!D332 -> Juan Pablo | Z408: ='Agents'' Final Roster 0913-0919'!J332 -> DVH
A409: ='Agents'' Final Roster 0913-0919'!A333 -> Campero Juarez Maria Guadalupe | B409: ='Agents'' Final Roster 0913-0919'!B333 -> Mendoza Norma Mercedes | C409: ='Agents'' Final Roster 0913-0919'!C333 -> Acosta | D409: ='Agents'' Final Roster 0913-0919'!D333 -> Geronimo Nicolas | Z409: ='Agents'' Final Roster 0913-0919'!J333 -> DVH
A410: ='Agents'' Final Roster 0913-0919'!A334 -> Campero Juarez Maria Guadalupe | B410: ='Agents'' Final Roster 0913-0919'!B334 -> Mendoza Norma Mercedes | C410: ='Agents'' Final Roster 0913-0919'!C334 -> Coronel | D410: ='Agents'' Final Roster 0913-0919'!D334 -> Melanie Gisel | Z410: ='Agents'' Final Roster 0913-0919'!J334 -> DVH
A411: ='Agents'' Final Roster 0913-0919'!A335 -> Campero Juarez Maria Guadalupe | B411: ='Agents'' Final Roster 0913-0919'!B335 -> Mendoza Norma Mercedes | C411: ='Agents'' Final Roster 0913-0919'!C335 -> Lujan | D411: ='Agents'' Final Roster 0913-0919'!D335 -> Cecilia Estefania | Z411: ='Agents'' Final Roster 0913-0919'!J335 -> DVH
...

Sheet Sups
A1: ACM | B1: Supervisor | C1: Sunday | D1: Monday | E1: Tuesday | F1: Wednesday | G1: Thrusday | H1: Friday | I1: Saturday | J1: Legajo | K1: CCMSID | L1: Legajo Telecom | M1: LOB
A2: ='Sups'' Final Roster 0913-0919'!A2 -> Campero Juarez Maria Guadalupe | B2: ='Sups'' Final Roster 0913-0919'!B2 -> Arias Juan José
A3: ='Sups'' Final Roster 0913-0919'!A3 -> Campero Juarez Maria Guadalupe | B3: ='Sups'' Final Roster 0913-0919'!B3 -> Corbera Susana Sofía
A4: ='Sups'' Final Roster 0913-0919'!A4 -> Campero Juarez Maria Guadalupe | B4: ='Sups'' Final Roster 0913-0919'!B4 -> Podazza Villagra Daniel Matias
A5: ='Sups'' Final Roster 0913-0919'!A5 -> Campero Juarez Maria Guadalupe | B5: ='Sups'' Final Roster 0913-0919'!B5 -> Gregoratti Juan Carlos
A6: ='Sups'' Final Roster 0913-0919'!A6 -> Pérez Zitzke Agustina | B6: ='Sups'' Final Roster 0913-0919'!B6 -> Vazquez Valladares Eduardo Alejandro
A7: ='Sups'' Final Roster 0913-0919'!A7 -> Pérez Zitzke Agustina | B7: ='Sups'' Final Roster 0913-0919'!B7 -> Ramallo Jose Emanuel
A8: ='Sups'' Final Roster 0913-0919'!A8 -> Campero Juarez Maria Guadalupe | B8: ='Sups'' Final Roster 0913-0919'!B8 -> Criado Esteban
A9: ='Sups'' Final Roster 0913-0919'!A10 -> Pérez Zitzke Agustina | B9: ='Sups'' Final Roster 0913-0919'!B10 -> Villa Aleman Alejandro Roberto
A10: ='Sups'' Final Roster 0913-0919'!A11 -> Ortiz Jose María | B10: ='Sups'' Final Roster 0913-0919'!B11 -> Brandan Ernesto Alejandro
A11: ='Sups'' Final Roster 0913-0919'!A12 -> Ortiz Jose María | B11: ='Sups'' Final Roster 0913-0919'!B12 -> Britos Fernando José
A12: ='Sups'' Final Roster 0913-0919'!#REF! -> #REF! | B12: ='Sups'' Final Roster 0913-0919'!#REF! -> #REF!
A13: ='Sups'' Final Roster 0913-0919'!#REF! -> #REF! | B13: ='Sups'' Final Roster 0913-0919'!#REF! -> #REF!
A14: ='Sups'' Final Roster 0913-0919'!#REF! -> #REF! | B14: ='Sups'' Final Roster 0913-0919'!#REF! -> #REF!
A15: ='Sups'' Final Roster 0913-0919'!#REF! -> #REF! | B15: ='Sups'' Final Roster 0913-0919'!#REF! -> #REF!
A16: ='Sups'' Final Roster 0913-0919'!#REF! -> #REF! | B16: ='Sups'' Final Roster 0913-0919'!#REF! -> #REF!
A17: ='Sups'' Final Roster 0913-0919'!#REF! -> #REF! | B17: ='Sups'' Final Roster 0913-0919'!#REF! -> #REF!
A18: ='Sups'' Final Roster 0913-0919'!#REF! -> #REF! | B18: ='Sups'' Final Roster 0913-0919'!#REF! -> #REF!
A19: ='Sups'' Final Roster 0913-0919'!#REF! -> #REF! | B19: ='Sups'' Final Roster 0913-0919'!#REF! -> #REF!
A20: ='Sups'' Final Roster 0913-0919'!#REF! -> #REF! | B20: ='Sups'' Final Roster 0913-0919'!#REF! -> #REF!
A21: ='Sups'' Final Roster 0913-0919'!#REF! -> #REF! | B21: ='Sups'' Final Roster 0913-0919'!#REF! -> #REF!
A22: ='Sups'' Final Roster 0913-0919'!#REF! -> #REF! | B22: ='Sups'' Final Roster 0913-0919'!#REF! -> #REF!
A23: ='Sups'' Final Roster 0913-0919'!#REF! -> #REF! | B23: ='Sups'' Final Roster 0913-0919'!#REF! -> #REF!
A24: ='Sups'' Final Roster 0913-0919'!A13 -> Ortiz Jose María | B24: ='Sups'' Final Roster 0913-0919'!B13 -> Esquivel Pavan Pamela Sol
A25: ='Sups'' Final Roster 0913-0919'!A14 -> Ortiz Jose María | B25: ='Sups'' Final Roster 0913-0919'!B14 -> Gerez Andrea Soledad
A26: ='Sups'' Final Roster 0913-0919'!#REF! -> #REF! | B26: ='Sups'' Final Roster 0913-0919'!#REF! -> #REF!
A27: ='Sups'' Final Roster 0913-0919'!#REF! -> #REF! | B27: ='Sups'' Final Roster 0913-0919'!#REF! -> #REF!
A28: ='Sups'' Final Roster 0913-0919'!#REF! -> #REF! | B28: ='Sups'' Final Roster 0913-0919'!#REF! -> #REF!
A29: ='Sups'' Final Roster 0913-0919'!#REF! -> #REF! | B29: ='Sups'' Final Roster 0913-0919'!#REF! -> #REF!
A30: ='Sups'' Final Roster 0913-0919'!#REF! -> #REF! | B30: ='Sups'' Final Roster 0913-0919'!#REF! -> #REF!
A31: ='Sups'' Final Roster 0913-0919'!#REF! -> #REF! | B31: ='Sups'' Final Roster 0913-0919'!#REF! -> #REF!
A32: ='Sups'' Final Roster 0913-0919'!#REF! -> #REF! | B32: ='Sups'' Final Roster 0913-0919'!#REF! -> #REF!
A33: ='Sups'' Final Roster 0913-0919'!#REF! -> #REF! | B33: ='Sups'' Final Roster 0913-0919'!#REF! -> #REF!
A34: ='Sups'' Final Roster 0913-0919'!#REF! -> #REF! | B34: ='Sups'' Final Roster 0913-0919'!#REF! -> #REF!
A35: ='Sups'' Final Roster 0913-0919'!#REF! -> #REF! | B35: ='Sups'' Final Roster 0913-0919'!#REF! -> #REF!
A36: ='Sups'' Final Roster 0913-0919'!#REF! -> #REF! | B36: ='Sups'' Final Roster 0913-0919'!#REF! -> #REF!
A37: ='Sups'' Final Roster 0913-0919'!#REF! -> #REF! | B37: ='Sups'' Final Roster 0913-0919'!#REF! -> #REF!
... A43: ='Sups'' Final Roster 0913-0919'!#REF! -> #REF! | B43: ='Sups'' Final Roster 0913-0919'!#REF! -> #REF!
A44: ='Sups'' Final Roster 0913-0919'!A15 -> Pérez Zitzke Agustina | B44: ='Sups'' Final Roster 0913-0919'!B15 -> Grimaldi Agustina Sofía
A45: ='Sups'' Final Roster 0913-0919'!A16 -> Pérez Zitzke Agustina | B45: ='Sups'' Final Roster 0913-0919'!B16 -> Palomino Juan Pablo
A46: ='Sups'' Final Roster 0913-0919'!#REF! -> #REF! | B46: ='Sups'' Final Roster 0913-0919'!#REF! -> #REF!
A47: ='Sups'' Final Roster 0913-0919'!#REF! -> #REF! | B47: ='Sups'' Final Roster 0913-0919'!#REF! -> #REF!
A48: ='Sups'' Final Roster 0913-0919'!#REF! -> #REF! | B48: ='Sups'' Final Roster 0913-0919'!#REF! -> #REF!
A49: ='Sups'' Final Roster 0913-0919'!#REF! -> #REF! | B49: ='Sups'' Final Roster 0913-0919'!#REF! -> #REF!
A50: ='Sups'' Final Roster 0913-0919'!A17 -> Campero Juarez Maria Guadalupe | B50: ='Sups'' Final Roster 0913-0919'!B17 -> Bachur Karim
A51: ='Sups'' Final Roster 0913-0919'!A18 -> Campero Juarez Maria Guadalupe | B51: ='Sups'' Final Roster 0913-0919'!B18 -> Mendoza Norma Mercedes
A52: ='Sups'' Final Roster 0913-0919'!A19 -> Pérez Zitzke Agustina | B52: ='Sups'' Final Roster 0913-0919'!B19 -> Albornoz Miguel
A53: ='Sups'' Final Roster 0913-0919'!A20 -> Ortiz Jose María | B53: ='Sups'' Final Roster 0913-0919'!B20 -> Silva Gabriel Alberto
A54: ='Sups'' Final Roster 0913-0919'!A21 -> 0 | B54: ='Sups'' Final Roster 0913-0919'!B21 -> 0
A55: ='Sups'' Final Roster 0913-0919'!A22 -> 0 | B55: ='Sups'' Final Roster 0913-0919'!B22 -> 0
A56: ='Sups'' Final Roster 0913-0919'!A23 -> 0 | B56: ='Sups'' Final Roster 0913-0919'!B23 -> 0

Sheet Resumen
G1: h
B2: Lob | C2: Nomina | D2: LOAs | E2: %
B3: Front | C3: =+COUNTIF(Agents!$Z$2:$Z$149,Resumen!B3) -> 0 | D3: =+SUMIF(Agents!$Z$2:$Z$149,Resumen!B3,Agents!$AP$2:$AP$149) -> 0 | E3: =D3/C3 -> #DIV/0!
B4: Retención Móvil | C4: =+COUNTIF(Agents!$Z$2:$Z$149,Resumen!B4) -> 0 | D4: =+SUMIF(Agents!$Z$2:$Z$149,Resumen!B4,Agents!$AP$2:$AP$149) -> 0 | E4: =D4/C4 -> #DIV/0!
B5: Downselling | C5: =+COUNTIF(Agents!$Z$2:$Z$149,Resumen!B5) -> 0 | D5: =+SUMIF(Agents!$Z$2:$Z$149,Resumen!B5,Agents!$AP$2:$AP$149) -> 0 | E5: =D5/C5 -> #DIV/0!
B6: Retención Red Preferida | C6: =+COUNTIF(Agents!$Z$2:$Z$149,Resumen!B6) -> 0 | D6: =+SUMIF(Agents!$Z$2:$Z$149,Resumen!B6,Agents!$AP$2:$AP$149) -> 0 | E6: =D6/C6 -> #DIV/0!
B7: Total | C7: =SUM(C3:C6) -> 0 | D7: =SUM(D3:D6) -> 0 | E7: =D7/C7 -> #DIV/0!
B9: Front
C11: Sunday | D11: Monday | E11: Tuesday | F11: Wednesday | G11: Thrusday | H11: Friday | I11: Saturday
B12: HC Total Inbound | C12: 0 | D12: =+C12 -> 0 | E12: =+D12 -> 0 | F12: =+E12 -> 0 | G12: =+F12 -> 0 | H12: =+G12 -> 0 | I12: =+H12 -> 0
B13: Approved OFF | C13: =+COUNTIFS(Agents!E$2:E$149,Resumen!$B13,Agents!$Z$2:$Z$149,Resumen!$B$3) -> 0 | D13: =+COUNTIFS(Agents!F$2:F$149,Resumen!$B13,Agents!$Z$2:$Z$149,Resumen!$B$3) -> 0 | E13: =+COUNTIFS(Agents!G$2:G$149,Resumen!$B13,Agents!$Z$2:$Z$149,Resumen!$B$3) -> 0 | F13: =+COUNTIFS(Agents!H$2:H$149,Resumen!$B13,Agents!$Z$2:$Z$149,Resumen!$B$3) -> 0 | G13: =+COUNTIFS(Agents!I$2:I$149,Resumen!$B13,Agents!$Z$2:$Z$149,Resumen!$B$3) -> 0 | H13: =+COUNTIFS(Agents!J$2:J$149,Resumen!$B13,Agents!$Z$2:$Z$149,Resumen!$B$3) -> 0 | I13: =+COUNTIFS(Agents!K$2:K$149,Resumen!$B13,Agents!$Z$2:$Z$149,Resumen!$B$3) -> 0
B14: LOA | C14: =+COUNTIFS(Agents!E$2:E$149,Resumen!$B14,Agents!$Z$2:$Z$149,Resumen!$B$3) -> 0 | D14: =+COUNTIFS(Agents!F$2:F$149,Resumen!$B14,Agents!$Z$2:$Z$149,Resumen!$B$3) -> 0 | E14: =+COUNTIFS(Agents!G$2:G$149,Resumen!$B14,Agents!$Z$2:$Z$149,Resumen!$B$3) -> 0 | F14: =+COUNTIFS(Agents!H$2:H$149,Resumen!$B14,Agents!$Z$2:$Z$149,Resumen!$B$3) -> 0 | G14: =+COUNTIFS(Agents!I$2:I$149,Resumen!$B14,Agents!$Z$2:$Z$149,Resumen!$B$3) -> 0 | H14: =+COUNTIFS(Agents!J$2:J$149,Resumen!$B14,Agents!$Z$2:$Z$149,Resumen!$B$3) -> 0 | I14: 0
B15: OFF | C15: =+COUNTIFS(Agents!E$2:E$149,Resumen!$B15,Agents!$Z$2:$Z$149,Resumen!$B$3) -> 0 | D15: =+COUNTIFS(Agents!F$2:F$149,Resumen!$B15,Agents!$Z$2:$Z$149,Resumen!$B$3) -> 0 | E15: =+COUNTIFS(Agents!G$2:G$149,Resumen!$B15,Agents!$Z$2:$Z$149,Resumen!$B$3) -> 0 | F15: =+COUNTIFS(Agents!H$2:H$149,Resumen!$B15,Agents!$Z$2:$Z$149,Resumen!$B$3) -> 0 | G15: 0 | H15: =+COUNTIFS(Agents!J$2:J$149,Resumen!$B15,Agents!$Z$2:$Z$149,Resumen!$B$3) -> 0 | I15: =+COUNTIFS(Agents!K$2:K$149,Resumen!$B15,Agents!$Z$2:$Z$149,Resumen!$B$3) -> 0
B16: Study Day | C16: =+COUNTIFS(Agents!E$2:E$149,Resumen!$B16,Agents!$Z$2:$Z$149,Resumen!$B$3) -> 0 | D16: =+COUNTIFS(Agents!F$2:F$149,Resumen!$B16,Agents!$Z$2:$Z$149,Resumen!$B$3) -> 0 | E16: =+COUNTIFS(Agents!G$2:G$149,Resumen!$B16,Agents!$Z$2:$Z$149,Resumen!$B$3) -> 0 | F16: =+COUNTIFS(Agents!H$2:H$149,Resumen!$B16,Agents!$Z$2:$Z$149,Resumen!$B$3) -> 0 | G16: =+COUNTIFS(Agents!I$2:I$149,Resumen!$B16,Agents!$Z$2:$Z$149,Resumen!$B$3) -> 0 | H16: =+COUNTIFS(Agents!J$2:J$149,Resumen!$B16,Agents!$Z$2:$Z$149,Resumen!$B$3) -> 0 | I16: =+COUNTIFS(Agents!K$2:K$149,Resumen!$B16,Agents!$Z$2:$Z$149,Resumen!$B$3) -> 0
B17: VAC | C17: =+COUNTIFS(Agents!E$2:E$149,Resumen!$B17,Agents!$Z$2:$Z$149,Resumen!$B$3) -> 0 | D17: =+COUNTIFS(Agents!F$2:F$149,Resumen!$B17,Agents!$Z$2:$Z$149,Resumen!$B$3) -> 0 | E17: =+COUNTIFS(Agents!G$2:G$149,Resumen!$B17,Agents!$Z$2:$Z$149,Resumen!$B$3) -> 0 | F17: =+COUNTIFS(Agents!H$2:H$149,Resumen!$B17,Agents!$Z$2:$Z$149,Resumen!$B$3) -> 0 | G17: =+COUNTIFS(Agents!I$2:I$149,Resumen!$B17,Agents!$Z$2:$Z$149,Resumen!$B$3) -> 0 | H17: =+COUNTIFS(Agents!J$2:J$149,Resumen!$B17,Agents!$Z$2:$Z$149,Resumen!$B$3) -> 0 | I17: =+COUNTIFS(Agents!K$2:K$149,Resumen!$B17,Agents!$Z$2:$Z$149,Resumen!$B$3) -> 0
B18: SUS | C18: =+COUNTIFS(Agents!E$2:E$149,Resumen!$B18,Agents!$Z$2:$Z$149,Resumen!$B$3) -> 0 | D18: =+COUNTIFS(Agents!F$2:F$149,Resumen!$B18,Agents!$Z$2:$Z$149,Resumen!$B$3) -> 0 | E18: =+COUNTIFS(Agents!G$2:G$149,Resumen!$B18,Agents!$Z$2:$Z$149,Resumen!$B$3) -> 0 | F18: =+COUNTIFS(Agents!H$2:H$149,Resumen!$B18,Agents!$Z$2:$Z$149,Resumen!$B$3) -> 0 | G18: =+COUNTIFS(Agents!I$2:I$149,Resumen!$B18,Agents!$Z$2:$Z$149,Resumen!$B$3) -> 0 | H18: =+COUNTIFS(Agents!J$2:J$149,Resumen!$B18,Agents!$Z$2:$Z$149,Resumen!$B$3) -> 0 | I18: =+COUNTIFS(Agents!K$2:K$149,Resumen!$B18,Agents!$Z$2:$Z$149,Resumen!$B$3) -> 0
B19: HC Bis | C19: =+C12-SUM(C13:C18) -> 0 | D19: =+D12-SUM(D13:D18) -> 0 | E19: =+E12-SUM(E13:E18) -> 0 | F19: =+F12-SUM(F13:F18) -> 0 | G19: =+G12-SUM(G13:G18) -> 0 | H19: =+H12-SUM(H13:H18) -> 0 | I19: =+I12-SUM(I13:I18) -> 0
B20: HC Total Inbound Neto | C20: =+C12-C15-C13 -> 0 | D20: =+D12-D15-D13 -> 0 | E20: =+E12-E15-E13 -> 0 | F20: =+F12-F15-F13 -> 0 | G20: =+G12-G15-G13 -> 0 | H20: =+H12-H15-H13 -> 0 | I20: =+I12-I15-I13 -> 0
C22: =+C11 -> Sunday | D22: =+D11 -> Monday | E22: =+E11 -> Tuesday | F22: =+F11 -> Wednesday | G22: =+G11 -> Thrusday | H22: =+H11 -> Friday | I22: =+I11 -> Saturday
B23: Hs, Total Inbound | C23: =+SUMIF(Agents!$Z$2:$Z$149,Resumen!$B$3,Agents!O$2:O$149) -> 0 | D23: =+SUMIF(Agents!$Z$2:$Z$149,Resumen!$B$3,Agents!P$2:P$149) -> 0 | E23: =+SUMIF(Agents!$Z$2:$Z$149,Resumen!$B$3,Agents!Q$2:Q$149) -> 0 | F23: =+SUMIF(Agents!$Z$2:$Z$149,Resumen!$B$3,Agents!R$2:R$149) -> 0 | G23: =+SUMIF(Agents!$Z$2:$Z$149,Resumen!$B$3,Agents!S$2:S$149) -> 0 | H23: =+SUMIF(Agents!$Z$2:$Z$149,Resumen!$B$3,Agents!T$2:T$149) -> 0 | I23: =+SUMIF(Agents!$Z$2:$Z$149,Resumen!$B$3,Agents!U$2:U$149) -> 0
B24: Shift Avg. | C24: =IFERROR(C23/C19,0) -> 0 | D24: =IFERROR(D23/D19,0) -> 0 | E24: =IFERROR(E23/E19,0) -> 0 | F24: =IFERROR(F23/F19,0) -> 0 | G24: =IFERROR(G23/G19,0) -> 0 | H24: =IFERROR(H23/H19,0) -> 0 | I24: =IFERROR(I23/I19,0) -> 0
B26: Retención Móvil
C28: Sunday | D28: Monday | E28: Tuesday | F28: Wednesday | G28: Thrusday | H28: Friday | I28: Saturday
B29: HC Total Inbound | C29: =+COUNTIF(Agents!$Z$2:$Z$149,Resumen!B4) -> 0 | D29: =+C29 -> 0 | E29: =+D29 -> 0 | F29: =+E29 -> 0 | G29: =+F29 -> 0 | H29: =+G29 -> 0 | I29: =+H29 -> 0
B30: Approved OFF | C30: =+COUNTIFS(Agents!E$2:E$149,Resumen!$B30,Agents!$Z$2:$Z$149,Resumen!$B$4) -> 0 | D30: =+COUNTIFS(Agents!F$2:F$149,Resumen!$B30,Agents!$Z$2:$Z$149,Resumen!$B$4) -> 0 | E30: =+COUNTIFS(Agents!G$2:G$149,Resumen!$B30,Agents!$Z$2:$Z$149,Resumen!$B$4) -> 0 | F30: =+COUNTIFS(Agents!H$2:H$149,Resumen!$B30,Agents!$Z$2:$Z$149,Resumen!$B$4) -> 0 | G30: =+COUNTIFS(Agents!I$2:I$149,Resumen!$B30,Agents!$Z$2:$Z$149,Resumen!$B$4) -> 0 | H30: =+COUNTIFS(Agents!J$2:J$149,Resumen!$B30,Agents!$Z$2:$Z$149,Resumen!$B$4) -> 0 | I30: =+COUNTIFS(Agents!K$2:K$149,Resumen!$B30,Agents!$Z$2:$Z$149,Resumen!$B$4) -> 0
B31: LOA | C31: =+COUNTIFS(Agents!E$2:E$149,Resumen!$B31,Agents!$Z$2:$Z$149,Resumen!$B$4) -> 0 | D31: =+COUNTIFS(Agents!F$2:F$149,Resumen!$B31,Agents!$Z$2:$Z$149,Resumen!$B$4) -> 0 | E31: =+COUNTIFS(Agents!G$2:G$149,Resumen!$B31,Agents!$Z$2:$Z$149,Resumen!$B$4) -> 0 | F31: =+COUNTIFS(Agents!H$2:H$149,Resumen!$B31,Agents!$Z$2:$Z$149,Resumen!$B$4) -> 0 | G31: =+COUNTIFS(Agents!I$2:I$149,Resumen!$B31,Agents!$Z$2:$Z$149,Resumen!$B$4) -> 0 | H31: =+COUNTIFS(Agents!J$2:J$149,Resumen!$B31,Agents!$Z$2:$Z$149,Resumen!$B$4) -> 0 | I31: =+COUNTIFS(Agents!K$2:K$149,Resumen!$B31,Agents!$Z$2:$Z$149,Resumen!$B$4) -> 0
B32: OFF | C32: =+COUNTIFS(Agents!E$2:E$149,Resumen!$B32,Agents!$Z$2:$Z$149,Resumen!$B$4) -> 0 | D32: =+COUNTIFS(Agents!F$2:F$149,Resumen!$B32,Agents!$Z$2:$Z$149,Resumen!$B$4) -> 0 | E32: =+COUNTIFS(Agents!G$2:G$149,Resumen!$B32,Agents!$Z$2:$Z$149,Resumen!$B$4) -> 0 | F32: =+COUNTIFS(Agents!H$2:H$149,Resumen!$B32,Agents!$Z$2:$Z$149,Resumen!$B$4) -> 0 | G32: =+COUNTIFS(Agents!I$2:I$149,Resumen!$B32,Agents!$Z$2:$Z$149,Resumen!$B$4) -> 0 | H32: =+COUNTIFS(Agents!J$2:J$149,Resumen!$B32,Agents!$Z$2:$Z$149,Resumen!$B$4) -> 0 | I32: =+COUNTIFS(Agents!K$2:K$149,Resumen!$B32,Agents!$Z$2:$Z$149,Resumen!$B$4) -> 0
B33: Study Day | C33: =+COUNTIFS(Agents!E$2:E$149,Resumen!$B33,Agents!$Z$2:$Z$149,Resumen!$B$4) -> 0 | D33: =+COUNTIFS(Agents!F$2:F$149,Resumen!$B33,Agents!$Z$2:$Z$149,Resumen!$B$4) -> 0 | E33: =+COUNTIFS(Agents!G$2:G$149,Resumen!$B33,Agents!$Z$2:$Z$149,Resumen!$B$4) -> 0 | F33: =+COUNTIFS(Agents!H$2:H$149,Resumen!$B33,Agents!$Z$2:$Z$149,Resumen!$B$4) -> 0 | G33: =+COUNTIFS(Agents!I$2:I$149,Resumen!$B33,Agents!$Z$2:$Z$149,Resumen!$B$4) -> 0 | H33: =+COUNTIFS(Agents!J$2:J$149,Resumen!$B33,Agents!$Z$2:$Z$149,Resumen!$B$4) -> 0 | I33: =+COUNTIFS(Agents!K$2:K$149,Resumen!$B33,Agents!$Z$2:$Z$149,Resumen!$B$4) -> 0
B34: VAC | C34: =+COUNTIFS(Agents!E$2:E$149,Resumen!$B34,Agents!$Z$2:$Z$149,Resumen!$B$4) -> 0 | D34: =+COUNTIFS(Agents!F$2:F$149,Resumen!$B34,Agents!$Z$2:$Z$149,Resumen!$B$4) -> 0 | E34: =+COUNTIFS(Agents!G$2:G$149,Resumen!$B34,Agents!$Z$2:$Z$149,Resumen!$B$4) -> 0 | F34: =+COUNTIFS(Agents!H$2:H$149,Resumen!$B34,Agents!$Z$2:$Z$149,Resumen!$B$4) -> 0 | G34: =+COUNTIFS(Agents!I$2:I$149,Resumen!$B34,Agents!$Z$2:$Z$149,Resumen!$B$4) -> 0 | H34: =+COUNTIFS(Agents!J$2:J$149,Resumen!$B34,Agents!$Z$2:$Z$149,Resumen!$B$4) -> 0 | I34: =+COUNTIFS(Agents!K$2:K$149,Resumen!$B34,Agents!$Z$2:$Z$149,Resumen!$B$4) -> 0
B35: SUS | C35: =+COUNTIFS(Agents!E$2:E$149,Resumen!$B35,Agents!$Z$2:$Z$149,Resumen!$B$4) -> 0 | D35: =+COUNTIFS(Agents!F$2:F$149,Resumen!$B35,Agents!$Z$2:$Z$149,Resumen!$B$4) -> 0 | E35: =+COUNTIFS(Agents!G$2:G$149,Resumen!$B35,Agents!$Z$2:$Z$149,Resumen!$B$4) -> 0 | F35: =+COUNTIFS(Agents!H$2:H$149,Resumen!$B35,Agents!$Z$2:$Z$149,Resumen!$B$4) -> 0 | G35: =+COUNTIFS(Agents!I$2:I$149,Resumen!$B35,Agents!$Z$2:$Z$149,Resumen!$B$4) -> 0 | H35: =+COUNTIFS(Agents!J$2:J$149,Resumen!$B35,Agents!$Z$2:$Z$149,Resumen!$B$4) -> 0 | I35: =+COUNTIFS(Agents!K$2:K$149,Resumen!$B35,Agents!$Z$2:$Z$149,Resumen!$B$4) -> 0
B36: HC Bis | C36: =+C29-SUM(C30:C35) -> 0 | D36: =+D29-SUM(D30:D35) -> 0 | E36: =+E29-SUM(E30:E35) -> 0 | F36: =+F29-SUM(F30:F35) -> 0 | G36: =+G29-SUM(G30:G35) -> 0 | H36: =+H29-SUM(H30:H35) -> 0 | I36: =+I29-SUM(I30:I35) -> 0
B37: HC Total Inbound Neto | C37: =+C29-C32-C30 -> 0 | D37: =+D29-D32-D30 -> 0 | E37: =+E29-E32-E30 -> 0 | F37: =+F29-F32-F30 -> 0 | G37: =+G29-G32-G30 -> 0 | H37: =+H29-H32-H30 -> 0 | I37: =+I29-I32-I30 -> 0
C39: =+C28 -> Sunday | D39: =+D28 -> Monday | E39: =+E28 -> Tuesday | F39: =+F28 -> Wednesday | G39: =+G28 -> Thrusday | H39: =+H28 -> Friday | I39: =+I28 -> Saturday
B40: Hs, Total Inbound | C40: =+SUMIF(Agents!$Z$2:$Z$149,Resumen!$B$4,Agents!O$2:O$149) -> 0 | D40: =+SUMIF(Agents!$Z$2:$Z$149,Resumen!$B$4,Agents!P$2:P$149) -> 0 | E40: =+SUMIF(Agents!$Z$2:$Z$149,Resumen!$B$4,Agents!Q$2:Q$149) -> 0 | F40: =+SUMIF(Agents!$Z$2:$Z$149,Resumen!$B$4,Agents!R$2:R$149) -> 0 | G40: =+SUMIF(Agents!$Z$2:$Z$149,Resumen!$B$4,Agents!S$2:S$149) -> 0 | H40: =+SUMIF(Agents!$Z$2:$Z$149,Resumen!$B$4,Agents!T$2:T$149) -> 0 | I40: =+SUMIF(Agents!$Z$2:$Z$149,Resumen!$B$4,Agents!U$2:U$149) -> 0
B41: Shift Avg. | C41: =IFERROR(C40/C36,0) -> 0 | D41: =IFERROR(D40/D36,0) -> 0 | E41: =IFERROR(E40/E36,0) -> 0 | F41: =IFERROR(F40/F36,0) -> 0 | G41: =IFERROR(G40/G36,0) -> 0 | H41: =IFERROR(H40/H36,0) -> 0 | I41: =IFERROR(I40/I36,0) -> 0
B43: Downselling
C45: Sunday | D45: Monday | E45: Tuesday | F45: Wednesday | G45: Thrusday | H45: Friday | I45: Saturday
B46: HC Total Inbound | C46: =+COUNTIF(Agents!$Z$2:$Z$149,Resumen!B5) -> 0 | D46: =+C46 -> 0 | E46: =+D46 -> 0 | F46: =+E46 -> 0 | G46: =+F46 -> 0 | H46: =+G46 -> 0 | I46: =+H46 -> 0
B47: Approved OFF | C47: =+COUNTIFS(Agents!E$2:E$149,Resumen!$B47,Agents!$Z$2:$Z$149,Resumen!$B$5) -> 0 | D47: =+COUNTIFS(Agents!F$2:F$149,Resumen!$B47,Agents!$Z$2:$Z$149,Resumen!$B$5) -> 0 | E47: =+COUNTIFS(Agents!G$2:G$149,Resumen!$B47,Agents!$Z$2:$Z$149,Resumen!$B$5) -> 0 | F47: =+COUNTIFS(Agents!H$2:H$149,Resumen!$B47,Agents!$Z$2:$Z$149,Resumen!$B$5) -> 0 | G47: =+COUNTIFS(Agents!I$2:I$149,Resumen!$B47,Agents!$Z$2:$Z$149,Resumen!$B$5) -> 0 | H47: =+COUNTIFS(Agents!J$2:J$149,Resumen!$B47,Agents!$Z$2:$Z$149,Resumen!$B$5) -> 0 | I47: =+COUNTIFS(Agents!K$2:K$149,Resumen!$B47,Agents!$Z$2:$Z$149,Resumen!$B$5) -> 0
B48: LOA | C48: =+COUNTIFS(Agents!E$2:E$149,Resumen!$B48,Agents!$Z$2:$Z$149,Resumen!$B$5) -> 0 | D48: =+COUNTIFS(Agents!F$2:F$149,Resumen!$B48,Agents!$Z$2:$Z$149,Resumen!$B$5) -> 0 | E48: =+COUNTIFS(Agents!G$2:G$149,Resumen!$B48,Agents!$Z$2:$Z$149,Resumen!$B$5) -> 0 | F48: =+COUNTIFS(Agents!H$2:H$149,Resumen!$B48,Agents!$Z$2:$Z$149,Resumen!$B$5) -> 0 | G48: =+COUNTIFS(Agents!I$2:I$149,Resumen!$B48,Agents!$Z$2:$Z$149,Resumen!$B$5) -> 0 | H48: =+COUNTIFS(Agents!J$2:J$149,Resumen!$B48,Agents!$Z$2:$Z$149,Resumen!$B$5) -> 0 | I48: =+COUNTIFS(Agents!K$2:K$149,Resumen!$B48,Agents!$Z$2:$Z$149,Resumen!$B$5) -> 0
B49: OFF | C49: =+COUNTIFS(Agents!E$2:E$149,Resumen!$B49,Agents!$Z$2:$Z$149,Resumen!$B$5) -> 0 | D49: =+COUNTIFS(Agents!F$2:F$149,Resumen!$B49,Agents!$Z$2:$Z$149,Resumen!$B$5) -> 0 | E49: =+COUNTIFS(Agents!G$2:G$149,Resumen!$B49,Agents!$Z$2:$Z$149,Resumen!$B$5) -> 0 | F49: =+COUNTIFS(Agents!H$2:H$149,Resumen!$B49,Agents!$Z$2:$Z$149,Resumen!$B$5) -> 0 | G49: =+COUNTIFS(Agents!I$2:I$149,Resumen!$B49,Agents!$Z$2:$Z$149,Resumen!$B$5) -> 0 | H49: =+COUNTIFS(Agents!J$2:J$149,Resumen!$B49,Agents!$Z$2:$Z$149,Resumen!$B$5) -> 0 | I49: =+COUNTIFS(Agents!K$2:K$149,Resumen!$B49,Agents!$Z$2:$Z$149,Resumen!$B$5) -> 0
B50: Study Day | C50: =+COUNTIFS(Agents!E$2:E$149,Resumen!$B50,Agents!$Z$2:$Z$149,Resumen!$B$5) -> 0 | D50: =+COUNTIFS(Agents!F$2:F$149,Resumen!$B50,Agents!$Z$2:$Z$149,Resumen!$B$5) -> 0 | E50: =+COUNTIFS(Agents!G$2:G$149,Resumen!$B50,Agents!$Z$2:$Z$149,Resumen!$B$5) -> 0 | F50: =+COUNTIFS(Agents!H$2:H$149,Resumen!$B50,Agents!$Z$2:$Z$149,Resumen!$B$5) -> 0 | G50: =+COUNTIFS(Agents!I$2:I$149,Resumen!$B50,Agents!$Z$2:$Z$149,Resumen!$B$5) -> 0 | H50: =+COUNTIFS(Agents!J$2:J$149,Resumen!$B50,Agents!$Z$2:$Z$149,Resumen!$B$5) -> 0 | I50: =+COUNTIFS(Agents!K$2:K$149,Resumen!$B50,Agents!$Z$2:$Z$149,Resumen!$B$5) -> 0
B51: VAC | C51: =+COUNTIFS(Agents!E$2:E$149,Resumen!$B51,Agents!$Z$2:$Z$149,Resumen!$B$5) -> 0 | D51: =+COUNTIFS(Agents!F$2:F$149,Resumen!$B51,Agents!$Z$2:$Z$149,Resumen!$B$5) -> 0 | E51: =+COUNTIFS(Agents!G$2:G$149,Resumen!$B51,Agents!$Z$2:$Z$149,Resumen!$B$5) -> 0 | F51: =+COUNTIFS(Agents!H$2:H$149,Resumen!$B51,Agents!$Z$2:$Z$149,Resumen!$B$5) -> 0 | G51: =+COUNTIFS(Agents!I$2:I$149,Resumen!$B51,Agents!$Z$2:$Z$149,Resumen!$B$5) -> 0 | H51: =+COUNTIFS(Agents!J$2:J$149,Resumen!$B51,Agents!$Z$2:$Z$149,Resumen!$B$5) -> 0 | I51: =+COUNTIFS(Agents!K$2:K$149,Resumen!$B51,Agents!$Z$2:$Z$149,Resumen!$B$5) -> 0
B52: SUS | C52: =+COUNTIFS(Agents!E$2:E$149,Resumen!$B52,Agents!$Z$2:$Z$149,Resumen!$B$5) -> 0 | D52: =+COUNTIFS(Agents!F$2:F$149,Resumen!$B52,Agents!$Z$2:$Z$149,Resumen!$B$5) -> 0 | E52: =+COUNTIFS(Agents!G$2:G$149,Resumen!$B52,Agents!$Z$2:$Z$149,Resumen!$B$5) -> 0 | F52: =+COUNTIFS(Agents!H$2:H$149,Resumen!$B52,Agents!$Z$2:$Z$149,Resumen!$B$5) -> 0 | G52: =+COUNTIFS(Agents!I$2:I$149,Resumen!$B52,Agents!$Z$2:$Z$149,Resumen!$B$5) -> 0 | H52: =+COUNTIFS(Agents!J$2:J$149,Resumen!$B52,Agents!$Z$2:$Z$149,Resumen!$B$5) -> 0 | I52: =+COUNTIFS(Agents!K$2:K$149,Resumen!$B52,Agents!$Z$2:$Z$149,Resumen!$B$5) -> 0
B53: HC Bis | C53: =+C46-SUM(C47:C52) -> 0 | D53: =+D46-SUM(D47:D52) -> 0 | E53: =+E46-SUM(E47:E52) -> 0 | F53: =+F46-SUM(F47:F52) -> 0 | G53: =+G46-SUM(G47:G52) -> 0 | H53: =+H46-SUM(H47:H52) -> 0 | I53: =+I46-SUM(I47:I52) -> 0
B54: HC Total Inbound Neto | C54: =+C46-C49-C47 -> 0 | D54: =+D46-D49-D47 -> 0 | E54: =+E46-E49-E47 -> 0 | F54: =+F46-F49-F47 -> 0 | G54: =+G46-G49-G47 -> 0 | H54: =+H46-H49-H47 -> 0 | I54: =+I46-I49-I47 -> 0
C56: =+C45 -> Sunday | D56: =+D45 -> Monday | E56: =+E45 -> Tuesday | F56: =+F45 -> Wednesday | G56: =+G45 -> Thrusday | H56: =+H45 -> Friday | I56: =+I45 -> Saturday
B57: Hs, Total Inbound | C57: =+SUMIF(Agents!$Z$2:$Z$149,Resumen!$B$5,Agents!O$2:O$149) -> 0 | D57: =+SUMIF(Agents!$Z$2:$Z$149,Resumen!$B$5,Agents!P$2:P$149) -> 0 | E57: =+SUMIF(Agents!$Z$2:$Z$149,Resumen!$B$5,Agents!Q$2:Q$149) -> 0 | F57: =+SUMIF(Agents!$Z$2:$Z$149,Resumen!$B$5,Agents!R$2:R$149) -> 0 | G57: =+SUMIF(Agents!$Z$2:$Z$149,Resumen!$B$5,Agents!S$2:S$149) -> 0 | H57: =+SUMIF(Agents!$Z$2:$Z$149,Resumen!$B$5,Agents!T$2:T$149) -> 0 | I57: =+SUMIF(Agents!$Z$2:$Z$149,Resumen!$B$5,Agents!U$2:U$149) -> 0
B58: Shift Avg. | C58: =IFERROR(C57/C53,0) -> 0 | D58: =IFERROR(D57/D53,0) -> 0 | E58: =IFERROR(E57/E53,0) -> 0 | F58: =IFERROR(F57/F53,0) -> 0 | G58: =IFERROR(G57/G53,0) -> 0 | H58: =IFERROR(H57/H53,0) -> 0 | I58: =IFERROR(I57/I53,0) -> 0
B60: Retención Red Preferida
C62: Sunday | D62: Monday | E62: Tuesday | F62: Wednesday | G62: Thrusday | H62: Friday | I62: Saturday
B63: HC Total Inbound | C63: =+COUNTIF(Agents!$Z$2:$Z$149,Resumen!B6) -> 0 | D63: =+C63 -> 0 | E63: =+D63 -> 0 | F63: =+E63 -> 0 | G63: =+F63 -> 0 | H63: =+G63 -> 0 | I63: =+H63 -> 0
B64: Approved OFF | C64: =+COUNTIFS(Agents!E$2:E$149,Resumen!$B64,Agents!$Z$2:$Z$149,Resumen!$B$6) -> 0 | D64: =+COUNTIFS(Agents!F$2:F$149,Resumen!$B64,Agents!$Z$2:$Z$149,Resumen!$B$3) -> 0 | E64: =+COUNTIFS(Agents!G$2:G$149,Resumen!$B64,Agents!$Z$2:$Z$149,Resumen!$B$3) -> 0 | F64: =+COUNTIFS(Agents!H$2:H$149,Resumen!$B64,Agents!$Z$2:$Z$149,Resumen!$B$3) -> 0 | G64: =+COUNTIFS(Agents!I$2:I$149,Resumen!$B64,Agents!$Z$2:$Z$149,Resumen!$B$3) -> 0 | H64: =+COUNTIFS(Agents!J$2:J$149,Resumen!$B64,Agents!$Z$2:$Z$149,Resumen!$B$3) -> 0 | I64: =+COUNTIFS(Agents!K$2:K$149,Resumen!$B64,Agents!$Z$2:$Z$149,Resumen!$B$3) -> 0
B65: LOA | C65: =+COUNTIFS(Agents!E$2:E$149,Resumen!$B65,Agents!$Z$2:$Z$149,Resumen!$B$6) -> 0 | D65: =+COUNTIFS(Agents!F$2:F$149,Resumen!$B65,Agents!$Z$2:$Z$149,Resumen!$B$6) -> 0 | E65: =+COUNTIFS(Agents!G$2:G$149,Resumen!$B65,Agents!$Z$2:$Z$149,Resumen!$B$6) -> 0 | F65: =+COUNTIFS(Agents!H$2:H$149,Resumen!$B65,Agents!$Z$2:$Z$149,Resumen!$B$6) -> 0 | G65: =+COUNTIFS(Agents!I$2:I$149,Resumen!$B65,Agents!$Z$2:$Z$149,Resumen!$B$6) -> 0 | H65: =+COUNTIFS(Agents!J$2:J$149,Resumen!$B65,Agents!$Z$2:$Z$149,Resumen!$B$6) -> 0 | I65: =+COUNTIFS(Agents!K$2:K$149,Resumen!$B65,Agents!$Z$2:$Z$149,Resumen!$B$6) -> 0
B66: OFF | C66: =+COUNTIFS(Agents!E$2:E$149,Resumen!$B66,Agents!$Z$2:$Z$149,Resumen!$B$6) -> 0 | D66: =+COUNTIFS(Agents!F$2:F$149,Resumen!$B66,Agents!$Z$2:$Z$149,Resumen!$B$6) -> 0 | E66: =+COUNTIFS(Agents!G$2:G$149,Resumen!$B66,Agents!$Z$2:$Z$149,Resumen!$B$6) -> 0 | F66: =+COUNTIFS(Agents!H$2:H$149,Resumen!$B66,Agents!$Z$2:$Z$149,Resumen!$B$6) -> 0 | G66: =+COUNTIFS(Agents!I$2:I$149,Resumen!$B66,Agents!$Z$2:$Z$149,Resumen!$B$6) -> 0 | H66: =+COUNTIFS(Agents!J$2:J$149,Resumen!$B66,Agents!$Z$2:$Z$149,Resumen!$B$6) -> 0 | I66: =+COUNTIFS(Agents!K$2:K$149,Resumen!$B66,Agents!$Z$2:$Z$149,Resumen!$B$6) -> 0
B67: Study Day | C67: =+COUNTIFS(Agents!E$2:E$149,Resumen!$B67,Agents!$Z$2:$Z$149,Resumen!$B$6) -> 0 | D67: =+COUNTIFS(Agents!F$2:F$149,Resumen!$B67,Agents!$Z$2:$Z$149,Resumen!$B$6) -> 0 | E67: =+COUNTIFS(Agents!G$2:G$149,Resumen!$B67,Agents!$Z$2:$Z$149,Resumen!$B$6) -> 0 | F67: =+COUNTIFS(Agents!H$2:H$149,Resumen!$B67,Agents!$Z$2:$Z$149,Resumen!$B$6) -> 0 | G67: =+COUNTIFS(Agents!I$2:I$149,Resumen!$B67,Agents!$Z$2:$Z$149,Resumen!$B$6) -> 0 | H67: =+COUNTIFS(Agents!J$2:J$149,Resumen!$B67,Agents!$Z$2:$Z$149,Resumen!$B$6) -> 0 | I67: =+COUNTIFS(Agents!K$2:K$149,Resumen!$B67,Agents!$Z$2:$Z$149,Resumen!$B$6) -> 0
B68: VAC | C68: =+COUNTIFS(Agents!E$2:E$149,Resumen!$B68,Agents!$Z$2:$Z$149,Resumen!$B$6) -> 0 | D68: =+COUNTIFS(Agents!F$2:F$149,Resumen!$B68,Agents!$Z$2:$Z$149,Resumen!$B$6) -> 0 | E68: =+COUNTIFS(Agents!G$2:G$149,Resumen!$B68,Agents!$Z$2:$Z$149,Resumen!$B$6) -> 0 | F68: =+COUNTIFS(Agents!H$2:H$149,Resumen!$B68,Agents!$Z$2:$Z$149,Resumen!$B$6) -> 0 | G68: =+COUNTIFS(Agents!I$2:I$149,Resumen!$B68,Agents!$Z$2:$Z$149,Resumen!$B$6) -> 0 | H68: =+COUNTIFS(Agents!J$2:J$149,Resumen!$B68,Agents!$Z$2:$Z$149,Resumen!$B$6) -> 0 | I68: =+COUNTIFS(Agents!K$2:K$149,Resumen!$B68,Agents!$Z$2:$Z$149,Resumen!$B$6) -> 0
B69: SUS | C69: =+COUNTIFS(Agents!E$2:E$149,Resumen!$B69,Agents!$Z$2:$Z$149,Resumen!$B$6) -> 0 | D69: =+COUNTIFS(Agents!F$2:F$149,Resumen!$B69,Agents!$Z$2:$Z$149,Resumen!$B$6) -> 0 | E69: =+COUNTIFS(Agents!G$2:G$149,Resumen!$B69,Agents!$Z$2:$Z$149,Resumen!$B$6) -> 0 | F69: =+COUNTIFS(Agents!H$2:H$149,Resumen!$B69,Agents!$Z$2:$Z$149,Resumen!$B$6) -> 0 | G69: =+COUNTIFS(Agents!I$2:I$149,Resumen!$B69,Agents!$Z$2:$Z$149,Resumen!$B$6) -> 0 | H69: =+COUNTIFS(Agents!J$2:J$149,Resumen!$B69,Agents!$Z$2:$Z$149,Resumen!$B$6) -> 0 | I69: =+COUNTIFS(Agents!K$2:K$149,Resumen!$B69,Agents!$Z$2:$Z$149,Resumen!$B$6) -> 0
B70: HC Bis | C70: =+C63-SUM(C64:C69) -> 0 | D70: =+D63-SUM(D64:D69) -> 0 | E70: =+E63-SUM(E64:E69) -> 0 | F70: =+F63-SUM(F64:F69) -> 0 | G70: =+G63-SUM(G64:G69) -> 0 | H70: =+H63-SUM(H64:H69) -> 0 | I70: =+I63-SUM(I64:I69) -> 0
B71: HC Total Inbound Neto | C71: =+C63-C66-C64 -> 0 | D71: =+D63-D66-D64 -> 0 | E71: =+E63-E66-E64 -> 0 | F71: =+F63-F66-F64 -> 0 | G71: =+G63-G66-G64 -> 0 | H71: =+H63-H66-H64 -> 0 | I71: =+I63-I66-I64 -> 0
C73: =+C62 -> Sunday | D73: =+D62 -> Monday | E73: =+E62 -> Tuesday | F73: =+F62 -> Wednesday | G73: =+G62 -> Thrusday | H73: =+H62 -> Friday | I73: =+I62 -> Saturday
B74: Hs, Total Inbound | C74: =+SUMIF(Agents!$Z$2:$Z$149,Resumen!$B$6,Agents!O$2:O$149) -> 0 | D74: =+SUMIF(Agents!$Z$2:$Z$149,Resumen!$B$6,Agents!P$2:P$149) -> 0 | E74: =+SUMIF(Agents!$Z$2:$Z$149,Resumen!$B$6,Agents!Q$2:Q$149) -> 0 | F74: =+SUMIF(Agents!$Z$2:$Z$149,Resumen!$B$6,Agents!R$2:R$149) -> 0 | G74: =+SUMIF(Agents!$Z$2:$Z$149,Resumen!$B$6,Agents!S$2:S$149) -> 0 | H74: =+SUMIF(Agents!$Z$2:$Z$149,Resumen!$B$6,Agents!T$2:T$149) -> 0 | I74: =+SUMIF(Agents!$Z$2:$Z$149,Resumen!$B$6,Agents!U$2:U$149) -> 0
B75: Shift Avg. | C75: =IFERROR(C74/C70,0) -> 0 | D75: =IFERROR(D74/D70,0) -> 0 | E75: =IFERROR(E74/E70,0) -> 0 | F75: =IFERROR(F74/F70,0) -> 0 | G75: =IFERROR(G74/G70,0) -> 0 | H75: =IFERROR(H74/H70,0) -> 0 | I75: =IFERROR(I74/I70,0) -> 0
