Workbook

Sheet Agents' Final Roster 0823-0829
A1: ACM | B1: Supervisor | C1: Last Name | D1: First Name | E1: Sunday | F1: Monday | G1: Tuesday | H1: Wednesday | I1: Thrusday | J1: Friday | K1: Saturday | L1: Attriton Date | M1: Comments | N1: Type | O1: Sun Hrs. | P1: Mon Hrs. | Q1: Tue Hrs. | R1: Wed Hrs. | S1: Thu Hrs. | T1: Fri Hrs. | U1: Sat Hrs. | V1: Scheduled Hrs. | W1: ACDID | X1: Agent´s Payroll Number | Y1: CCMSID | Z1: LOB | AA1: Secondary Skill | AB1: Supervisor´s Payroll Numer | AC1: ACM´s Payroll Number | AD1: NT Loguin | AE1: User #1 | AF1: WAHA desde | AG1: Telephone Number | AH1: DNI | AI1: CUIL | AJ1: TPARG Hire Date | AK1: Project Hire Date | AL1: Production Hire Date | AM1: Tenure | AN1: Site | AO1: Extensión | AP1: WAHA | AQ1: Horario Original
A2: Campero Juarez Maria Guadalupe | B2: Arias Juan José | C2: Bautista Boloña | D2: Luciana Florencia | E2: OFF | F2: 15:00 - 20:00 | G2: 15:00 - 20:00 | H2: 15:00 - 20:00 | I2: 15:00 - 20:00 | J2: 15:00 - 20:00 | K2: OFF | N2: PT | O2: 0 | P2: 5 | Q2: 5 | R2: 5 | S2: 5 | T2: 5 | U2: 0 | V2: 25 | W2: 89206 | X2: 87043 | Y2: 3409624 | Z2: CSV2 | AA2: CSV1 / CSV2 | AB2: 84825 | AC2: 74054 | AD2: bautistabolona.5 | AE2: VCTLUBAU | AF2: 43916 | AG2: 381-155811017 | AH2: 35517416 | AI2: 27355174161 | AJ2: 43668 | AK2: 43669 | AL2: 43678 | AM2: 397 | AN2: Campus Casino | AO2: 89953 | AP2: SI | AQ2: (Hs Orig 15:00 - 20:00 OFF Dom Sab)
A3: Campero Juarez Maria Guadalupe | B3: Arias Juan José | C3: Albornoz Perez | D3: Jose Ezequiel | E3: OFF | F3: 15:00 - 20:00 | G3: 15:00 - 20:00 | H3: 15:00 - 20:00 | I3: 15:00 - 20:00 | J3: 15:00 - 20:00 | K3: OFF | N3: PT | O3: 0 | P3: 5 | Q3: 5 | R3: 5 | S3: 5 | T3: 5 | U3: 0 | V3: 25 | W3: 648060 | X3: 88037 | Y3: 3553112 | Z3: DVH | AA3: CSV1 | AB3: 84825 | AC3: 74054 | AD3: albornozperez.5 | AE3: VCTJOALB | AF3: 43943 | AG3: 03814655139 | AH3: 39972625 | AI3: 20-39972625-6 | AJ3: 43942 | AK3: 43942 | AL3: 43943 | AM3: 128 | AN3: Campus Casino | AO3: 89999 | AP3: SI | AQ3: (Hs Orig 15:00 - 20:00 OFF Dom Sab)
A4: Campero Juarez Maria Guadalupe | B4: Arias Juan José | C4: Brito | D4: Jesus Exequiel | E4: OFF | F4: Approved OFF | G4: Approved OFF | H4: Approved OFF | I4: 15:00 - 21:00 | J4: 15:00 - 21:00 | K4: OFF | M4: Back From CAPA CSV2 a CSV3 08/11 - 08/26 (activo 08/27)(Hs Orig 15:00 - 21:00 OFF Dom Sab) | N4: PT | O4: 0 | P4: 0 | Q4: 0 | R4: 0 | S4: 6 | T4: 6 | U4: 0 | V4: 12 | W4: 89069 | X4: 82613 | Y4: 2313015 | Z4: CSV2 | AA4: CSV2 | AB4: 84825 | AC4: 74054 | AD4: brito.272 | AE4: VCTJEBRI | AF4: 43917 | AG4: 03865-15419891 | AH4: 37311054 | AI4: 20373110540 | AJ4: 42688 | AK4: 43369 | AL4: 43403 | AM4: 1365 | AN4: Campus Casino | AO4: 89924 | AP4: SI | AQ4: (Hs Orig 15:00 - 21:00 OFF Dom Sab)
A5: Campero Juarez Maria Guadalupe | B5: Arias Juan José | C5: Carabajal | D5: Priscila Daiana | E5: OFF | F5: 15:00 - 21:00 | G5: 15:00 - 21:00 | H5: 15:00 - 21:00 | I5: 15:00 - 21:00 | J5: 15:00 - 21:00 | K5: OFF | N5: PT | O5: 0 | P5: 6 | Q5: 6 | R5: 6 | S5: 6 | T5: 6 | U5: 0 | V5: 30 | W5: 89118 | X5: 86145 | Y5: 2358095 | Z5: CSV3 | AA5: CSV2 / CSV3 | AB5: 84825 | AC5: 74054 | AD5: carabajal.35 | AE5: VCTPRCAR | AF5: 43917 | AG5: 381-153508762 | AH5: 39141166 | AI5: 27391411668 | AJ5: 43437 | AK5: 43437 | AL5: 43448 | AM5: 626 | AN5: Campus Casino | AO5: 89925 | AP5: SI | AQ5: (Hs Orig 15:00 - 21:00 OFF Dom Sab)
A6: Campero Juarez Maria Guadalupe | B6: Arias Juan José | C6: Casares | D6: Diego Jesus | E6: OFF | F6: 15:00 - 21:00 | G6: 15:00 - 21:00 | H6: 15:00 - 21:00 | I6: 15:00 - 21:00 | J6: 15:00 - 21:00 | K6: OFF | N6: PT | O6: 0 | P6: 6 | Q6: 6 | R6: 6 | S6: 6 | T6: 6 | U6: 0 | V6: 30 | W6: 89061 | X6: 81099 | Y6: 1880623 | Z6: VIP | AA6: CSV2/HD / CSV3 / VIP | AB6: 84825 | AC6: 74054 | AD6: casares.15 | AE6: VCTDICAS | AF6: 43916 | AG6: 0381-154629051 | AH6: 37656704 | AI6: 20376567045 | AJ6: 42310 | AK6: 43327 | AL6: 43328 | AM6: 1737 | AN6: Campus Casino | AO6: 89926 | AP6: SI | AQ6: (Hs Orig 15:00 - 21:00 OFF Dom Sab)
A7: Campero Juarez Maria Guadalupe | B7: Arias Juan José | C7: Cisneros | D7: Roxana Natalia | E7: OFF | F7: 15:00 - 21:00 | G7: 15:00 - 21:00 | H7: 15:00 - 21:00 | I7: 15:00 - 21:00 | J7: 15:00 - 21:00 | K7: OFF | N7: PT | O7: 0 | P7: 6 | Q7: 6 | R7: 6 | S7: 6 | T7: 6 | U7: 0 | V7: 30 | W7: 89237 | X7: 87304 | Y7: 3462502 | Z7: Servicios web | AA7: CSV1 | AB7: 84825 | AC7: 74054 | AD7: cisneros.153 | AE7: VCTROCIS | AF7: 43915 | AG7: 3815811118 | AH7: 30759743 | AI7: 27307597433 | AJ7: 43703 | AK7: 43703 | AL7: 43713 | AM7: 363 | AN7: Campus Casino | AO7: 89875 | AP7: SI | AQ7: (Hs Orig 15:00 - 21:00 OFF Dom Sab)
A8: Campero Juarez Maria Guadalupe | B8: Arias Juan José | C8: Corbera | D8: Elena Beatriz | E8: OFF | F8: 15:00 - 21:00 | G8: 15:00 - 21:00 | H8: 15:00 - 21:00 | I8: 15:00 - 21:00 | J8: 15:00 - 21:00 | K8: OFF | N8: PT | O8: 0 | P8: 6 | Q8: 6 | R8: 6 | S8: 6 | T8: 6 | U8: 0 | V8: 30 | W8: 89227 | X8: 87314 | Y8: 3462518 | Z8: CSV2 | AA8: CSV1 / CSV2 | AB8: 84825 | AC8: 74054 | AD8: corbera.8 | AE8: VCTELCOR | AF8: 43916 | AG8: 3816363464 | AH8: 32200145 | AI8: 27322001458 | AJ8: 43703 | AK8: 43703 | AL8: 43713 | AM8: 363 | AN8: Campus Casino | AO8: 89928 | AP8: SI | AQ8: (Hs Orig 15:00 - 21:00 OFF Dom Sab)
A9: Perez Zitzke Agustina | B9: Vazquez Valladares Eduardo Alejandro | C9: Diaz | D9: Fernando Gabriel | E9: OFF | F9: 15:00 - 21:00 | G9: 15:00 - 21:00 | H9: 15:00 - 21:00 | I9: 15:00 - 21:00 | J9: 15:00 - 21:00 | K9: OFF | N9: PT | O9: 0 | P9: 6 | Q9: 6 | R9: 6 | S9: 6 | T9: 6 | U9: 0 | V9: 30 | W9: 89064 | X9: 85332 | Y9: 2811367 | Z9: CSV2 | AA9: CSV2 | AB9: #N/A | AC9: #N/A | AD9: diaz.1260 | AE9: VCTFEDIA | AF9: 44033 | AG9: 0381-156713498 | AH9: 36585224 | AI9: 20365852244 | AJ9: 43171 | AK9: 43327 | AL9: 43328 | AM9: 887 | AN9: Campus Casino | AO9: 89929 | AP9: On Site | AQ9: (Hs Orig 15:00 - 21:00 OFF Dom Sab)
A10: Campero Juarez Maria Guadalupe | B10: Arias Juan José | C10: Escobar | D10: Marcos Nahuel | E10: OFF | F10: Approved OFF | G10: Approved OFF | H10: Approved OFF | I10: 15:00 - 21:00 | J10: 15:00 - 21:00 | K10: OFF | M10: Back From CAPA CSV2 a CSV3 08/11 - 08/26 (activo 08/27)(Hs Orig 15:00 - 21:00 OFF Dom Sab) | N10: PT | O10: 0 | P10: 0 | Q10: 0 | R10: 0 | S10: 6 | T10: 6 | U10: 0 | V10: 12 | W10: 89121 | X10: 86155 | Y10: 2783079 | Z10: CSV2 | AA10: CSV1 / CSV2 | AB10: 84825 | AC10: 74054 | AD10: escobar.21 | AE10: VCTMAESC | AF10: 43916 | AG10: 381-156538022 | AH10: 38741741 | AI10: 23387417419 | AJ10: 43437 | AK10: 43437 | AL10: 43448 | AM10: 626 | AN10: Campus Casino | AO10: 89930 | AP10: SI | AQ10: (Hs Orig 15:00 - 21:00 OFF Dom Sab)
A11: Campero Juarez Maria Guadalupe | B11: Arias Juan José | C11: Juarez | D11: Carlos Luciano | E11: OFF | F11: Approved OFF | G11: Approved OFF | H11: Approved OFF | I11: Approved OFF | J11: Approved OFF | K11: OFF | M11: CAPA CSV3 a Vip 08/24 - 08/28 (activo 08/26)(Hs Orig 15:00 - 21:00 OFF Dom Sab) | N11: PT | O11: 0 | P11: 0 | Q11: 0 | R11: 0 | S11: 0 | T11: 0 | U11: 0 | V11: 0 | W11: 89125 | X11: 86141 | Y11: 3118306 | Z11: CSV3 | AA11: CSV2 / CSV3 | AB11: 84825 | AC11: 74054 | AD11: Juarez.286 | AE11: VCTCAJUA | AF11: 43945 | AG11: 381-155399372 | AH11: 40437730 | AI11: 20404377303 | AJ11: 43437 | AK11: 43437 | AL11: 43448 | AM11: 626 | AN11: Campus Casino | AO11: 89932 | AP11: SI | AQ11: (Hs Orig 15:00 - 21:00 OFF Dom Sab)
A12: Campero Juarez Maria Guadalupe | B12: Arias Juan José | C12: Muratore | D12: Daiana Gabriela | E12: OFF | F12: 15:00 - 21:00 | G12: 15:00 - 21:00 | H12: 15:00 - 21:00 | I12: 15:00 - 21:00 | J12: 15:00 - 21:00 | K12: OFF | N12: PT | O12: 0 | P12: 6 | Q12: 6 | R12: 6 | S12: 6 | T12: 6 | U12: 0 | V12: 30 | W12: 89053 | X12: 82401 | Y12: 1063468 | Z12: CSV2 | AA12: CSV2 | AB12: 84825 | AC12: 74054 | AD12: muratore.9 | AE12: VCTDAMUR | AF12: 43945 | AG12: 0381-153499565 | AH12: 37311904 | AI12: 27373119046 | AJ12: 42625 | AK12: 43327 | AL12: 43328 | AM12: 1427 | AN12: Campus Casino | AO12: 89933 | AP12: SI | AQ12: (Hs Orig 15:00 - 21:00 OFF Dom Sab)
A13: Campero Juarez Maria Guadalupe | B13: Arias Juan José | C13: Nunez | D13: Marcelo Nahuel | E13: OFF | F13: 15:00 - 21:00 | G13: 15:00 - 21:00 | H13: 15:00 - 21:00 | I13: 15:00 - 21:00 | J13: 15:00 - 21:00 | K13: OFF | N13: PT | O13: 0 | P13: 6 | Q13: 6 | R13: 6 | S13: 6 | T13: 6 | U13: 0 | V13: 30 | W13: 89164 | X13: 86296 | Y13: 3133293 | Z13: VIP | AA13: CSV2/CSV3 / VIP | AB13: 84825 | AC13: 74054 | AD13: nuez.128 | AE13: VCTMANUN | AF13: 43916 | AG13: 0381-156179830 | AH13: 42221286 | AI13: 20422212869 | AJ13: 43451 | AK13: 43451 | AL13: 43467 | AM13: 612 | AN13: Campus Casino | AO13: 89934 | AP13: SI | AQ13: (Hs Orig 15:00 - 21:00 OFF Dom Sab)
A14: Campero Juarez Maria Guadalupe | B14: Arias Juan José | C14: Ortiz | D14: Silvina Gabriela | E14: OFF | F14: 15:00 - 21:00 | G14: 15:00 - 21:00 | H14: 15:00 - 21:00 | I14: 15:00 - 21:00 | J14: 15:00 - 21:00 | K14: OFF | N14: PT | O14: 0 | P14: 6 | Q14: 6 | R14: 6 | S14: 6 | T14: 6 | U14: 0 | V14: 30 | W14: 89027 | X14: 85614 | Y14: 2873639 | Z14: CSV3 | AA14: CSV2/ CSV3 | AB14: 84825 | AC14: 74054 | AD14: ortiz.710 | AE14: VCTSIORT | AF14: 43917 | AG14: 0381-154061434 | AH14: 38115785 | AI14: 27381157852 | AJ14: 43227 | AK14: 43259 | AL14: 43262 | AM14: 832 | AN14: Campus Casino | AO14: 89935 | AP14: SI | AQ14: (Hs Orig 15:00 - 21:00 OFF Dom Sab)
A15: Campero Juarez Maria Guadalupe | B15: Arias Juan José | C15: Pockorny | D15: Tomás Agustín | E15: OFF | F15: 15:00 - 21:00 | G15: 15:00 - 21:00 | H15: 15:00 - 21:00 | I15: 15:00 - 21:00 | J15: 15:00 - 21:00 | K15: OFF | N15: PT | O15: 0 | P15: 6 | Q15: 6 | R15: 6 | S15: 6 | T15: 6 | U15: 0 | V15: 30 | W15: 89024 | X15: 85621 | Y15: 2873911 | Z15: CSV3 | AA15: CSV2/CSV3/ HD | AB15: 84825 | AC15: 74054 | AD15: pockorny.5 | AE15: VCTTOPOC | AF15: 43916 | AG15: 0381-156539796 | AH15: 38185380 | AI15: 20381853803 | AJ15: 43227 | AK15: 43259 | AL15: 43262 | AM15: 832 | AN15: Campus Casino | AO15: 89937 | AP15: SI | AQ15: (Hs Orig 15:00 - 21:00 OFF Dom Sab)
A16: Campero Juarez Maria Guadalupe | B16: Arias Juan José | C16: Yapura | D16: Cintia Elena del Valle | E16: OFF | F16: 15:00 - 21:00 | G16: 15:00 - 21:00 | H16: 15:00 - 21:00 | I16: 15:00 - 21:00 | J16: 15:00 - 21:00 | K16: OFF | N16: PT | O16: 0 | P16: 6 | Q16: 6 | R16: 6 | S16: 6 | T16: 6 | U16: 0 | V16: 30 | W16: 89059 | X16: 85474 | Y16: 2832262 | Z16: VIP | AA16: CSV2/HD / CSV3/ VIP | AB16: 84825 | AC16: 74054 | AD16: yapura.5 | AE16: VCTCIYAP | AF16: 43910 | AG16: 0381-155060573 | AH16: 40696111 | AI16: 27406961112 | AJ16: 43193 | AK16: 43327 | AL16: 43328 | AM16: 866 | AN16: Campus Casino | AO16: 89939 | AP16: SI | AQ16: (Hs Orig 15:00 - 21:00 OFF Dom Sab)
A17: Campero Juarez Maria Guadalupe | B17: Corbera Susana Sofía | C17: Alonso | D17: Facundo ismael | E17: OFF | F17: 15:00 - 21:00 | G17: 15:00 - 21:00 | H17: 15:00 - 21:00 | I17: 15:00 - 21:00 | J17: 15:00 - 21:00 | K17: OFF | N17: PT | O17: 0 | P17: 6 | Q17: 6 | R17: 6 | S17: 6 | T17: 6 | U17: 0 | V17: 30 | W17: 89313 | X17: 88174 | Y17: 3624184 | Z17: CSV2 | AA17: CSV2 | AB17: #N/A | AC17: 74054 | AD17: alonso.155 | AE17: VCTFAALO | AF17: 43917 | AH17: 42007693 | AI17: 20420076933 | AJ17: 43808 | AK17: 43808 | AL17: 43831 | AM17: 260 | AN17: Campus Casino | AO17: 89871 | AP17: SI | AQ17: (Hs Orig 15:00 - 21:00 OFF Dom Sab)
A18: Campero Juarez Maria Guadalupe | B18: Corbera Susana Sofía | C18: Alvarez Maziad | D18: Monica Carolina | E18: OFF | F18: 15:00 - 21:00 | G18: 15:00 - 21:00 | H18: 15:00 - 21:00 | I18: 15:00 - 21:00 | J18: 15:00 - 21:00 | K18: OFF | N18: PT | O18: 0 | P18: 6 | Q18: 6 | R18: 6 | S18: 6 | T18: 6 | U18: 0 | V18: 30 | W18: 89057 | X18: 83603 | Y18: 2523112 | Z18: CSV2 | AA18: CSV1 / CSV2 | AB18: #N/A | AC18: 74054 | AD18: alvarezmaziad.5 | AE18: VCTMOALV | AF18: 43917 | AG18: 0381-156802261 | AH18: 39145406 | AI18: 27391454065 | AJ18: 42891 | AK18: 43327 | AL18: 43328 | AM18: 1164 | AN18: Campus Casino | AO18: 89940 | AP18: SI | AQ18: (Hs Orig 15:00 - 21:00 OFF Dom Sab)
A19: Campero Juarez Maria Guadalupe | B19: Corbera Susana Sofía | C19: Azubel | D19: Solange | E19: OFF | F19: 15:00 - 21:00 | G19: 15:00 - 21:00 | H19: 15:00 - 21:00 | I19: 15:00 - 21:00 | J19: 15:00 - 21:00 | K19: OFF | N19: PT | O19: 0 | P19: 6 | Q19: 6 | R19: 6 | S19: 6 | T19: 6 | U19: 0 | V19: 30 | W19: 89225 | X19: 87316 | Y19: 1100247 | Z19: CSV3 | AA19: CSV2/ CSV3 | AB19: #N/A | AC19: 74054 | AD19: azubel.7 | AE19: VCTSOAZU | AF19: 43916 | AG19: 3814637258 | AH19: 35921500 | AI19: 27359215008 | AJ19: 43703 | AK19: 43703 | AL19: 43713 | AM19: 363 | AN19: Campus Casino | AO19: 89941 | AP19: SI | AQ19: (Hs Orig 15:00 - 21:00 OFF Dom Sab)
A20: Campero Juarez Maria Guadalupe | B20: Corbera Susana Sofía | C20: Cantos | D20: Horacio Nicolas | E20: OFF | F20: 15:00 - 21:00 | G20: 15:00 - 21:00 | H20: 15:00 - 21:00 | I20: 15:00 - 21:00 | J20: 15:00 - 21:00 | K20: OFF | N20: PT | O20: 0 | P20: 6 | Q20: 6 | R20: 6 | S20: 6 | T20: 6 | U20: 0 | V20: 30 | W20: 89236 | X20: 87308 | Y20: 3462509 | Z20: CSV3 | AA20: CSV2 / CSV3 | AB20: #N/A | AC20: 74054 | AD20: cantos.58 | AE20: VCTHOCAN | AF20: 43915 | AG20: 3814742874 | AH20: 41650790 | AI20: 20416507903 | AJ20: 43703 | AK20: 43703 | AL20: 43713 | AM20: 363 | AN20: Campus Casino | AO20: 89944 | AP20: SI | AQ20: (Hs Orig 15:00 - 21:00 OFF Dom Sab)
A21: Campero Juarez Maria Guadalupe | B21: Corbera Susana Sofía | C21: Castillo | D21: Angel Alberto | E21: OFF | F21: 15:00 - 21:00 | G21: 15:00 - 21:00 | H21: 15:00 - 21:00 | I21: 15:00 - 21:00 | J21: 15:00 - 21:00 | K21: OFF | N21: PT | O21: 0 | P21: 6 | Q21: 6 | R21: 6 | S21: 6 | T21: 6 | U21: 0 | V21: 30 | W21: 89104 | X21: 85278 | Y21: 2803851 | Z21: CSV3 | AA21: CSV2 / CSV3 | AB21: #N/A | AC21: 74054 | AD21: castillo.1268 | AE21: VCTANCAS | AF21: 43910 | AG21: 3816509596 | AH21: 37457052 | AI21: 20374570529 | AJ21: 43164 | AK21: 43409 | AL21: 43423 | AM21: 894 | AN21: Campus Casino | AO21: 89945 | AP21: SI | AQ21: (Hs Orig 15:00 - 21:00 OFF Dom Sab)
A22: Campero Juarez Maria Guadalupe | B22: Corbera Susana Sofía | C22: Chavarria Bevacqua | D22: Silvana Carolina | E22: OFF | F22: 15:00 - 20:00 | G22: 15:00 - 20:00 | H22: 15:00 - 20:00 | I22: 15:00 - 20:00 | J22: 15:00 - 20:00 | K22: OFF | N22: PT | O22: 0 | P22: 5 | Q22: 5 | R22: 5 | S22: 5 | T22: 5 | U22: 0 | V22: 25 | W22: 89207 | X22: 87045 | Y22: 3409666 | Z22: CSV2 | AA22: CSV1 / CSV2 | AB22: #N/A | AC22: 74054 | AD22: chavarriabevacqua.5 | AE22: VCTSICHA | AF22: 43916 | AG22: 381-156956998 | AH22: 35192091 | AI22: 27-35192091-8 | AJ22: 43668 | AK22: 43669 | AL22: 43678 | AM22: 397 | AN22: Campus Casino | AO22: 89887 | AP22: SI | AQ22: (Hs Orig 15:00 - 20:00 OFF Dom Sab)
A23: Campero Juarez Maria Guadalupe | B23: Corbera Susana Sofía | C23: Del Pino | D23: Agustin Alejandro | E23: OFF | F23: 16:00 - 21:00 | G23: 16:00 - 21:00 | H23: 16:00 - 21:00 | I23: 16:00 - 21:00 | J23: 16:00 - 21:00 | K23: OFF | N23: PT | O23: 0 | P23: 5 | Q23: 5 | R23: 5 | S23: 5 | T23: 5 | U23: 0 | V23: 25 | W23: 89211 | X23: 87057 | Y23: 3409641 | Z23: DVH | AA23: CSV1 | AB23: #N/A | AC23: 74054 | AD23: delpino.12 | AE23: VCTAGDEL | AF23: 43945 | AG23: 381-155438690 | AH23: 41495060 | AI23: 20414950605 | AJ23: 43668 | AK23: 43669 | AL23: 43678 | AM23: 397 | AN23: Campus Casino | AO23: 89876 | AP23: SI | AQ23: (Hs Orig 16:00 - 21:00 OFF Dom Sab)
A24: Campero Juarez Maria Guadalupe | B24: Corbera Susana Sofía | C24: Elias | D24: Mario Jorge | E24: OFF | F24: 15:00 - 21:00 | G24: 15:00 - 21:00 | H24: 15:00 - 21:00 | I24: 15:00 - 21:00 | J24: 15:00 - 21:00 | K24: OFF | N24: PT | O24: 0 | P24: 6 | Q24: 6 | R24: 6 | S24: 6 | T24: 6 | U24: 0 | V24: 30 | W24: 89119 | X24: 86154 | Y24: 3118300 | Z24: CSV2 | AA24: CSV2 | AB24: #N/A | AC24: 74054 | AD24: elias.112 | AE24: VCTMAELI | AF24: 43934 | AG24: 381-156987176 | AH24: 35822667 | AI24: 20358226672 | AJ24: 43437 | AK24: 43437 | AL24: 43448 | AM24: 626 | AN24: Campus Casino | AO24: 89946 | AP24: SI | AQ24: (Hs Orig 15:00 - 21:00 OFF Dom Sab)
A25: Campero Juarez Maria Guadalupe | B25: Corbera Susana Sofía | C25: Garcia | D25: Guillermo Eduardo | E25: OFF | F25: Approved OFF | G25: Approved OFF | H25: Approved OFF | I25: 15:00 - 21:00 | J25: 15:00 - 21:00 | K25: OFF | M25: Back From CAPA CSV2 a CSV3 08/11 - 08/26 (activo 08/27)(Hs Orig 15:00 - 21:00 OFF Dom Sab) | N25: PT | O25: 0 | P25: 0 | Q25: 0 | R25: 0 | S25: 6 | T25: 6 | U25: 0 | V25: 12 | W25: 89001 | X25: 83911 | Y25: 2657668 | Z25: CSV2 | AA25: CSV2 | AB25: #N/A | AC25: 74054 | AD25: garcia.3872 | AE25: VCTGUGAR | AF25: 43921 | AG25: 0381-156358727 | AH25: 37455215 | AI25: 20374552156 | AJ25: 43010 | AK25: 43259 | AL25: 43262 | AM25: 1047 | AN25: Campus Casino | AO25: 89947 | AP25: SI | AQ25: (Hs Orig 15:00 - 21:00 OFF Dom Sab)
A26: Campero Juarez Maria Guadalupe | B26: Corbera Susana Sofía | C26: Gjugum | D26: Sofia Denise | E26: OFF | F26: 15:00 - 21:00 | G26: 15:00 - 21:00 | H26: 15:00 - 21:00 | I26: 15:00 - 21:00 | J26: 15:00 - 21:00 | K26: OFF | N26: PT | O26: 0 | P26: 6 | Q26: 6 | R26: 6 | S26: 6 | T26: 6 | U26: 0 | V26: 30 | W26: 89229 | X26: 87310 | Y26: 3462512 | Z26: CSV3 | AA26: CSV2 / CSV3 | AB26: #N/A | AC26: 74054 | AD26: gjugum.7 | AE26: VCTSOGJU | AF26: 43917 | AG26: 3816313769 | AH26: 40532665 | AI26: 27405326650 | AJ26: 43703 | AK26: 43703 | AL26: 43713 | AM26: 363 | AN26: Campus Casino | AO26: 89948 | AP26: SI | AQ26: (Hs Orig 15:00 - 21:00 OFF Dom Sab)
A27: Campero Juarez Maria Guadalupe | B27: Corbera Susana Sofía | C27: Laitán Landro | D27: Gimena María | E27: OFF | F27: 15:00 - 21:00 | G27: 15:00 - 21:00 | H27: 15:00 - 21:00 | I27: 15:00 - 21:00 | J27: 15:00 - 21:00 | K27: OFF | N27: PT | O27: 0 | P27: 6 | Q27: 6 | R27: 6 | S27: 6 | T27: 6 | U27: 0 | V27: 30 | W27: 89056 | X27: 85310 | Y27: 2811372 | Z27: HD | AA27: CSV2/CSV3/HD | AB27: #N/A | AC27: 74054 | AD27: laitnlandro.5 | AE27: VCTGILAI | AF27: 43917 | AG27: 0381-156311579 | AH27: 36865396 | AI27: 27368653964 | AJ27: 43171 | AK27: 43327 | AL27: 43328 | AM27: 887 | AN27: Campus Casino | AO27: 89949 | AP27: SI | AQ27: (Hs Orig 15:00 - 21:00 OFF Dom Sab)
A28: Campero Juarez Maria Guadalupe | B28: Corbera Susana Sofía | C28: Martinez Teseyra | D28: Mayra Belen | E28: OFF | F28: 16:00 - 21:00 | G28: 16:00 - 21:00 | H28: 16:00 - 21:00 | I28: 16:00 - 21:00 | J28: 16:00 - 21:00 | K28: OFF | N28: PT | O28: 0 | P28: 5 | Q28: 5 | R28: 5 | S28: 5 | T28: 5 | U28: 0 | V28: 25 | W28: 89215 | X28: 87060 | Y28: 3409628 | Z28: CSV2 | AA28: CSV1 / CSV2 | AB28: #N/A | AC28: 74054 | AD28: martinezteseyra.5 | AE28: VCTBEMAR | AF28: 43934 | AG28: 3876-15401588 | AH28: 36129883 | AI28: 27361298832 | AJ28: 43668 | AK28: 43669 | AL28: 43678 | AM28: 397 | AN28: Campus Casino | AO28: 89961 | AP28: SI | AQ28: (Hs Orig 16:00 - 21:00 OFF Dom Sab)
A29: Campero Juarez Maria Guadalupe | B29: Corbera Susana Sofía | C29: Medina | D29: Leyla Maria | E29: OFF | F29: Approved OFF | G29: Approved OFF | H29: Approved OFF | I29: Approved OFF | J29: Approved OFF | K29: OFF | M29: CAPA CSV3 a Vip 08/24 - 08/28 (activo 08/26)(Hs Orig 15:00 - 21:00 OFF Dom Sab) | N29: PT | O29: 0 | P29: 0 | Q29: 0 | R29: 0 | S29: 0 | T29: 0 | U29: 0 | V29: 0 | W29: 89241 | X29: 87306 | Y29: 1729885 | Z29: HD | AA29: CSV2 / HD/ CSV3 | AB29: #N/A | AC29: 74054 | AD29: medina.894 | AE29: VCTLEMED | AF29: 43915 | AG29: 3813545684 | AH29: 36584345 | AI29: 27365843452 | AJ29: 43703 | AK29: 43703 | AL29: 43713 | AM29: 363 | AN29: Campus Casino | AO29: 89950 | AP29: SI | AQ29: (Hs Orig 15:00 - 21:00 OFF Dom Sab)
A30: Campero Juarez Maria Guadalupe | B30: Corbera Susana Sofía | C30: Nasif | D30: Mara Belen | E30: OFF | F30: 15:00 - 21:00 | G30: 15:00 - 21:00 | H30: 15:00 - 21:00 | I30: 15:00 - 21:00 | J30: 15:00 - 21:00 | K30: OFF | N30: PT | O30: 0 | P30: 6 | Q30: 6 | R30: 6 | S30: 6 | T30: 6 | U30: 0 | V30: 30 | W30: 89242 | X30: 87300 | Y30: 3462489 | Z30: DVH | AA30: CSV1 | AB30: #N/A | AC30: 74054 | AD30: nasif.8 | AE30: VCTMANAS | AG30: 3854161581 | AH30: 35251517 | AI30: 27352515170 | AJ30: 43703 | AK30: 43703 | AL30: 43713 | AM30: 363 | AN30: Campus Casino | AP30: NO | AQ30: (Hs Orig 15:00 - 21:00 OFF Dom Sab)
A31: Campero Juarez Maria Guadalupe | B31: Corbera Susana Sofía | C31: Ricci | D31: Marcos Jose | E31: OFF | F31: Approved OFF | G31: Approved OFF | H31: Approved OFF | I31: Approved OFF | J31: Approved OFF | K31: OFF | M31: CAPA CSV3 a Vip 08/24 - 08/28 (activo 08/26)(Hs Orig 15:00 - 21:00 OFF Dom Sab) | N31: PT | O31: 0 | P31: 0 | Q31: 0 | R31: 0 | S31: 0 | T31: 0 | U31: 0 | V31: 0 | W31: 89168 | X31: 86288 | Y31: 3133272 | Z31: CSV3 | AA31: CSV2 / HD/ CSV3 | AB31: #N/A | AC31: 74054 | AD31: ricci.57 | AE31: VCTMARIC | AF31: 43916 | AG31: 0381-154498587 | AH31: 36550805 | AI31: 20365508055 | AJ31: 43451 | AK31: 43451 | AL31: 43467 | AM31: 612 | AN31: Campus Casino | AO31: 89951 | AP31: SI | AQ31: (Hs Orig 15:00 - 21:00 OFF Dom Sab)
A32: Campero Juarez Maria Guadalupe | B32: Corbera Susana Sofía | C32: Ruiz Barrionuevo | D32: Isabella Catalina | E32: OFF | F32: 16:00 - 21:00 | G32: 16:00 - 21:00 | H32: 16:00 - 21:00 | I32: 16:00 - 21:00 | J32: 16:00 - 21:00 | K32: OFF | N32: PT | O32: 0 | P32: 5 | Q32: 5 | R32: 5 | S32: 5 | T32: 5 | U32: 0 | V32: 25 | W32: 89218 | X32: 87054 | Y32: 3409729 | Z32: CSV2 | AA32: CSV1 / CSV2 | AB32: #N/A | AC32: 74054 | AD32: ruizbarrionuevo.6 | AE32: VCTISRUI | AF32: 43915 | AG32: 381-153676323 | AH32: 42664926 | AI32: 27426649263 | AJ32: 43668 | AK32: 43669 | AL32: 43678 | AM32: 397 | AN32: Campus Casino | AO32: 89981 | AP32: SI | AQ32: (Hs Orig 16:00 - 21:00 OFF Dom Sab)
A33: Campero Juarez Maria Guadalupe | B33: Criado Esteban | C33: Amicone | D33: Julieta | E33: OFF | F33: 15:00 - 21:00 | G33: 15:00 - 21:00 | H33: 15:00 - 21:00 | I33: 15:00 - 21:00 | J33: 15:00 - 21:00 | K33: OFF | N33: PT | O33: 0 | P33: 6 | Q33: 6 | R33: 6 | S33: 6 | T33: 6 | U33: 0 | V33: 30 | W33: 648384 | X33: 86201 | Y33: 3120478 | Z33: CSV1 | AA33: CSV1 | AB33: 85154 | AC33: 74054 | AD33: amicone.9 | AE33: VCTJUAMI | AF33: 43969 | AG33: 381 432 4959 | AH33: 42007271 | AI33: 27420072711 | AJ33: 43437 | AK33: 43962 | AL33: 43969 | AM33: 626 | AN33: Campus Casino | AO33: 648326 | AP33: SI | AQ33: (Hs Orig 15:00 - 21:00 OFF Dom Sab)
A34: Campero Juarez Maria Guadalupe | B34: Criado Esteban | C34: Arias | D34: Ivan Santiago | E34: OFF | F34: 15:00 - 21:00 | G34: 15:00 - 21:00 | H34: 15:00 - 21:00 | I34: 15:00 - 21:00 | J34: 15:00 - 21:00 | K34: OFF | N34: PT | O34: 0 | P34: 6 | Q34: 6 | R34: 6 | S34: 6 | T34: 6 | U34: 0 | V34: 30 | W34: 648392 | X34: 86212 | Y34: 3119977 | Z34: DVH | AA34: CSV1 | AB34: 85154 | AC34: 74054 | AD34: arias.197 | AE34: VCTIVARI | AF34: 43969 | AG34: 381 364 1513 | AH34: 36839830 | AI34: 20368398307 | AJ34: 43437 | AK34: 43962 | AL34: 43969 | AM34: 626 | AN34: Campus Casino | AO34: 648331 | AP34: SI | AQ34: (Hs Orig 15:00 - 21:00 OFF Dom Sab)
A35: Campero Juarez Maria Guadalupe | B35: Criado Esteban | C35: Bernard | D35: Mariano | E35: OFF | F35: 15:00 - 21:00 | G35: 15:00 - 21:00 | H35: 15:00 - 21:00 | I35: 15:00 - 21:00 | J35: 15:00 - 21:00 | K35: OFF | N35: PT | O35: 0 | P35: 6 | Q35: 6 | R35: 6 | S35: 6 | T35: 6 | U35: 0 | V35: 30 | W35: 648378 | X35: 86585 | Y35: 3290393 | Z35: CSV1 | AA35: CSV1 | AB35: 85154 | AC35: 74054 | AD35: bernard.212 | AE35: VCTMABER | AF35: 43969 | AG35: 3816761743 | AH35: 37457894 | AI35: 20374578945 | AJ35: 43594 | AK35: 43962 | AL35: 43969 | AM35: 470 | AN35: Campus Casino | AO35: 648321 | AP35: SI | AQ35: (Hs Orig 15:00 - 21:00 OFF Dom Sab)
A36: Campero Juarez Maria Guadalupe | B36: Criado Esteban | C36: Blacut | D36: Carolina Concepcion | E36: OFF | F36: 13:00 - 19:00 | G36: 13:00 - 19:00 | H36: 13:00 - 19:00 | I36: 13:00 - 19:00 | J36: 13:00 - 19:00 | K36: OFF | N36: PT | O36: 0 | P36: 6 | Q36: 6 | R36: 6 | S36: 6 | T36: 6 | U36: 0 | V36: 30 | W36: 648379 | X36: 64114 | Y36: 433384 | Z36: CSV1 | AA36: CSV1 | AB36: 85154 | AC36: 74054 | AD36: blacut.5 | AE36: VCTCABLA | AF36: 43969 | AG36: 3814360935 | AH36: 22989370 | AI36: 27229893705 | AJ36: 39937 | AK36: 43962 | AL36: 43969 | AM36: 4075 | AN36: Campus Casino | AO36: 648322 | AP36: SI | AQ36: (Hs Orig 13:00 - 19:00 OFF Dom Sab)
A37: Campero Juarez Maria Guadalupe | B37: Criado Esteban | C37: Chico | D37: Jessica Liliana | E37: OFF | F37: 15:00 - 21:00 | G37: 15:00 - 21:00 | H37: 15:00 - 21:00 | I37: 15:00 - 21:00 | J37: 15:00 - 21:00 | K37: OFF | N37: PT | O37: 0 | P37: 6 | Q37: 6 | R37: 6 | S37: 6 | T37: 6 | U37: 0 | V37: 30 | W37: 648381 | X37: 82194 | Y37: 2178609 | Z37: CSV1 | AA37: CSV1 | AB37: 85154 | AC37: 74054 | AD37: chico.47 | AE37: VCTJECHI | AF37: 43969 | AG37: 4330399 / 155782351 | AH37: 36584697 | AI37: 27365846974 | AJ37: 42580 | AK37: 43962 | AL37: 43969 | AM37: 1470 | AN37: Campus Casino | AO37: 648324 | AP37: SI | AQ37: (Hs Orig 15:00 - 21:00 OFF Dom Sab)
A38: Campero Juarez Maria Guadalupe | B38: Criado Esteban | C38: Ferraro | D38: David Franco Ramón | E38: OFF | F38: 15:00 - 21:00 | G38: 15:00 - 21:00 | H38: 15:00 - 21:00 | I38: 15:00 - 21:00 | J38: 15:00 - 21:00 | K38: OFF | N38: PT | O38: 0 | P38: 6 | Q38: 6 | R38: 6 | S38: 6 | T38: 6 | U38: 0 | V38: 30 | W38: 648382 | X38: 87912 | Y38: 3526348 | Z38: CSV1 | AA38: CSV1 | AB38: 85154 | AC38: 74054 | AD38: ferraro.26 | AE38: VCTDAFER | AF38: 43969 | AG38: 381 153907269 | AH38: 37310000 | AI38: 20373100006 | AJ38: 43745 | AK38: 43962 | AL38: 43969 | AM38: 322 | AN38: Campus Casino | AO38: 648325 | AP38: SI | AQ38: (Hs Orig 15:00 - 21:00 OFF Dom Sab)
A39: Campero Juarez Maria Guadalupe | B39: Criado Esteban | C39: Jandar | D39: Fabio Nicolás | E39: OFF | F39: 15:00 - 21:00 | G39: 15:00 - 21:00 | H39: 15:00 - 21:00 | I39: 15:00 - 21:00 | J39: 15:00 - 21:00 | K39: OFF | N39: PT | O39: 0 | P39: 6 | Q39: 6 | R39: 6 | S39: 6 | T39: 6 | U39: 0 | V39: 30 | W39: 648390 | X39: 83918 | Y39: 2657804 | Z39: CSV1 | AA39: CSV1 | AB39: 85154 | AC39: 74054 | AD39: jandar.8 | AE39: VCTFAJAN | AF39: 43969 | AG39: 0381-154180132 | AH39: 39481787 | AI39: 20394817873 | AJ39: 43010 | AK39: 43962 | AL39: 43969 | AM39: 1047 | AN39: Campus Casino | AO39: 648330 | AP39: SI | AQ39: (Hs Orig 15:00 - 21:00 OFF Dom Sab)
A40: Campero Juarez Maria Guadalupe | B40: Criado Esteban | C40: Jerez | D40: María Celeste | E40: OFF | F40: 16:00 - 21:00 | G40: 16:00 - 21:00 | H40: 16:00 - 21:00 | I40: 16:00 - 21:00 | J40: 16:00 - 21:00 | K40: OFF | N40: PT | O40: 0 | P40: 5 | Q40: 5 | R40: 5 | S40: 5 | T40: 5 | U40: 0 | V40: 25 | W40: 648385 | X40: 81571 | Y40: 1988450 | Z40: DVH | AA40: CSV1 | AB40: 85154 | AC40: 74054 | AD40: jerez.37 | AE40: VCTMAJER | AF40: 43969 | AG40: 0381 155585231 | AH40: 34764648 | AI40: 27347646488 | AJ40: 42429 | AK40: 43962 | AL40: 43969 | AM40: 1619 | AN40: Campus Casino | AO40: 648337 | AP40: SI | AQ40: (Hs Orig 16:00 - 21:00 OFF Dom Sab)
A41: Campero Juarez Maria Guadalupe | B41: Criado Esteban | C41: Juri | D41: Aida Del Valle | E41: OFF | F41: 15:00 - 21:00 | G41: 15:00 - 21:00 | H41: 15:00 - 21:00 | I41: 15:00 - 21:00 | J41: 15:00 - 21:00 | K41: OFF | N41: PT | O41: 0 | P41: 6 | Q41: 6 | R41: 6 | S41: 6 | T41: 6 | U41: 0 | V41: 30 | W41: 648386 | X41: 86032 | Y41: 3116938 | Z41: CSV1 | AA41: CSV1 | AB41: 85154 | AC41: 74054 | AD41: juri.10 | AE41: VCTAIJUR | AF41: 43969 | AG41: 381 388 7424 | AH41: 39572913 | AI41: 27395729131 | AJ41: 43437 | AK41: 43962 | AL41: 43969 | AM41: 626 | AN41: Campus Casino | AO41: 648327 | AP41: SI | AQ41: (Hs Orig 15:00 - 21:00 OFF Dom Sab)
A42: Campero Juarez Maria Guadalupe | B42: Criado Esteban | C42: Leal Martinez | D42: Matias Emanuel | E42: OFF | F42: 15:00 - 21:00 | G42: 15:00 - 21:00 | H42: 15:00 - 21:00 | I42: 15:00 - 21:00 | J42: 15:00 - 21:00 | K42: OFF | N42: PT | O42: 0 | P42: 6 | Q42: 6 | R42: 6 | S42: 6 | T42: 6 | U42: 0 | V42: 30 | W42: 648352 | X42: 80131 | Y42: 1567502 | Z42: CSV1 | AA42: CSV1 | AB42: 85154 | AC42: 74054 | AD42: lealmartinez.11 | AE42: VCTMALEA | AF42: 43969 | AG42: 038 115 4981045 | AH42: 38509359 | AI42: 20385093595 | AJ42: 42037 | AK42: 43962 | AL42: 43969 | AM42: 2007 | AN42: Campus Casino | AO42: 89982 | AP42: SI | AQ42: (Hs Orig 15:00 - 21:00 OFF Dom Sab)
A43: Campero Juarez Maria Guadalupe | B43: Criado Esteban | C43: Mansilla | D43: Karen Nicole | E43: OFF | F43: 16:00 - 21:00 | G43: 16:00 - 21:00 | H43: 16:00 - 21:00 | I43: 16:00 - 21:00 | J43: 16:00 - 21:00 | K43: OFF | N43: PT | O43: 0 | P43: 5 | Q43: 5 | R43: 5 | S43: 5 | T43: 5 | U43: 0 | V43: 25 | W43: 89214 | X43: 87056 | Y43: 3409650 | Z43: DVH | AA43: CSV1 | AB43: 85154 | AC43: 74054 | AD43: mansilla.45 | AE43: VCTKAMAN | AF43: 43915 | AG43: 381-156047766 | AH43: 42523139 | AI43: 27425231397 | AJ43: 43668 | AK43: 43669 | AL43: 43678 | AM43: 397 | AN43: Campus Casino | AO43: 89975 | AP43: SI | AQ43: (Hs Orig 16:00 - 21:00 OFF Dom Sab)
A44: Campero Juarez Maria Guadalupe | B44: Criado Esteban | C44: Paz | D44: Enzo Javier | E44: OFF | F44: 15:00 - 21:00 | G44: 15:00 - 21:00 | H44: 15:00 - 21:00 | I44: 15:00 - 21:00 | J44: 15:00 - 21:00 | K44: OFF | N44: PT | O44: 0 | P44: 6 | Q44: 6 | R44: 6 | S44: 6 | T44: 6 | U44: 0 | V44: 30 | W44: 648361 | X44: 85995 | Y44: 3116792 | Z44: DVH | AA44: CSV1 | AB44: 85154 | AC44: 74054 | AD44: paz.230 | AE44: VCTENPAZ | AF44: 43969 | AG44: 381 345 9389 | AH44: 42467181 | AI44: 23424671819 | AJ44: 43437 | AK44: 43962 | AL44: 43969 | AM44: 626 | AN44: Campus Casino | AO44: 648334 | AP44: SI | AQ44: (Hs Orig 15:00 - 21:00 OFF Dom Sab)
A45: Campero Juarez Maria Guadalupe | B45: Criado Esteban | C45: Ruiz | D45: Daniel Antonio | E45: OFF | F45: 16:00 - 21:00 | G45: 16:00 - 21:00 | H45: 16:00 - 21:00 | I45: 16:00 - 21:00 | J45: 16:00 - 21:00 | K45: OFF | N45: PT | O45: 0 | P45: 5 | Q45: 5 | R45: 5 | S45: 5 | T45: 5 | U45: 0 | V45: 25 | W45: 648383 | X45: 86015 | Y45: 2765889 | Z45: DVH | AA45: CSV1 | AB45: 85154 | AC45: 74054 | AD45: ruiz.835 | AE45: VCTDARUI | AF45: 43969 | AG45: 381 663 9013 | AH45: 40215879 | AI45: 20402158795 | AJ45: 43437 | AK45: 43962 | AL45: 43969 | AM45: 626 | AN45: Campus Casino | AO45: 648336 | AP45: SI | AQ45: (Hs Orig 16:00 - 21:00 OFF Dom Sab)
A46: Campero Juarez Maria Guadalupe | B46: Criado Esteban | C46: Salinas | D46: Mariana Josefina | E46: OFF | F46: 15:00 - 19:00 | G46: 15:00 - 19:00 | H46: 15:00 - 19:00 | I46: 15:00 - 19:00 | J46: 15:00 - 19:00 | K46: OFF | N46: PT | O46: 0 | P46: 4 | Q46: 4 | R46: 4 | S46: 4 | T46: 4 | U46: 0 | V46: 20 | W46: 648387 | X46: 83101 | Y46: 1441889 | Z46: Habilitaciones | AA46: CSV1 | AB46: 85154 | AC46: 74054 | AD46: salinas.358 | AE46: VCTMASAL | AF46: 43969 | AG46: 3816591167 | AH46: 31100304 | AI46: 27311003041 | AJ46: 42800 | AK46: 43962 | AL46: 43969 | AM46: 1253 | AN46: Campus Casino | AO46: 648320 | AP46: SI | AQ46: (Hs Orig 15:00 - 19:00 OFF Dom Sab)
A47: Campero Juarez Maria Guadalupe | B47: Criado Esteban | C47: Santucho | D47: María del Rosario | E47: OFF | F47: LOA | G47: LOA | H47: LOA | I47: LOA | J47: LOA | K47: OFF | M47: LOA 08/06 - mm/dd (Hs Orig 15:00 - 19:00 OFF Dom Sab) | N47: PT | O47: 0 | P47: 0 | Q47: 0 | R47: 0 | S47: 0 | T47: 0 | U47: 0 | V47: 0 | W47: 648235 | X47: 85552 | Y47: 2855603 | Z47: CSV1 | AA47: CSV1; servicions WEB; Compras Referidas | AB47: 85154 | AC47: 74054 | AD47: santucho.22 | AE47: VCTMASAN | AF47: 43935 | AG47: 0381-153469922 | AH47: 45513329 | AI47: 27455133292 | AJ47: 43209 | AK47: 43930 | AL47: 43935 | AM47: 850 | AN47: Campus Casino | AO47: 89918 | AP47: SI | AQ47: (Hs Orig 15:00 - 19:00 OFF Dom Sab)
A48: Campero Juarez Maria Guadalupe | B48: Criado Esteban | C48: Villagra | D48: Daniela Alejandra | E48: OFF | F48: 15:00 - 21:00 | G48: 15:00 - 21:00 | H48: 15:00 - 21:00 | I48: 15:00 - 21:00 | J48: 15:00 - 21:00 | K48: OFF | N48: PT | O48: 0 | P48: 6 | Q48: 6 | R48: 6 | S48: 6 | T48: 6 | U48: 0 | V48: 30 | W48: 648061 | X48: 88038 | Y48: 3553114 | Z48: DVH | AA48: CSV1 | AB48: 85154 | AC48: 74054 | AD48: villagra.43 | AE48: VCTDAVIL | AF48: 43943 | AG48: 03816416605 | AH48: 31038158 | AI48: 27-31038158-1 | AJ48: 43942 | AK48: 43942 | AL48: 43943 | AM48: 128 | AN48: Campus Casino | AO48: 89882 | AP48: SI | AQ48: (Hs Orig 15:00 - 21:00 OFF Dom Sab)
A49: Campero Juarez Maria Guadalupe | B49: Gregoratti Juan Carlos | C49: Agüero | D49: Maria Micaela | E49: OFF | F49: 15:00 - 21:00 | G49: 15:00 - 21:00 | H49: 15:00 - 21:00 | I49: 15:00 - 21:00 | J49: 15:00 - 21:00 | K49: OFF | N49: PT | O49: 0 | P49: 6 | Q49: 6 | R49: 6 | S49: 6 | T49: 6 | U49: 0 | V49: 30 | W49: 89235 | X49: 87307 | Y49: 3462508 | Z49: DVH | AA49: CSV1 | AB49: 79688 | AC49: 74054 | AD49: aguero.57 | AE49: VCTMAAGU | AF49: 43915 | AG49: N/A | AH49: 40085899 | AI49: 27400858999 | AJ49: 43703 | AK49: 43703 | AL49: 43713 | AM49: 363 | AN49: Campus Casino | AO49: 89954 | AP49: SI | AQ49: (Hs Orig 15:00 - 21:00 OFF Dom Sab)
A50: Campero Juarez Maria Guadalupe | B50: Gregoratti Juan Carlos | C50: Alarcon | D50: Yanet Micaela | E50: OFF | F50: Approved OFF | G50: Approved OFF | H50: Approved OFF | I50: Approved OFF | J50: Approved OFF | K50: OFF | M50: CAPA CSV1 a CSV2 08/10 - 08/31 (activo 09/01)(Hs Orig 15:00 - 20:00 OFF Dom Sab) | N50: PT | O50: 0 | P50: 0 | Q50: 0 | R50: 0 | S50: 0 | T50: 0 | U50: 0 | V50: 0 | W50: 648058 | X50: 88048 | Y50: 3553156 | Z50: DVH | AA50: CSV1 | AB50: 79688 | AC50: 74054 | AD50: alarcon.133 | AE50: VCTYAALA | AF50: 43943 | AG50: 03816664035 | AH50: 41870420 | AI50: 27-41870420-4 | AJ50: 43942 | AK50: 43942 | AL50: 43943 | AM50: 128 | AN50: Campus Casino | AO50: 89955 | AP50: SI | AQ50: (Hs Orig 15:00 - 20:00 OFF Dom Sab)
A51: Campero Juarez Maria Guadalupe | B51: Gregoratti Juan Carlos | C51: Blanco Brandan | D51: Bianca Abigail | E51: OFF | F51: Approved OFF | G51: Approved OFF | H51: Approved OFF | I51: Approved OFF | J51: Approved OFF | K51: OFF | M51: CAPA CSV1 a CSV2 08/10 - 08/31 (activo 09/01)(Hs Orig 15:00 - 21:00 OFF Dom Sab) | N51: PT | O51: 0 | P51: 0 | Q51: 0 | R51: 0 | S51: 0 | T51: 0 | U51: 0 | V51: 0 | W51: 89157 | X51: 86290 | Y51: 3133275 | Z51: Compras Referidas | AA51: CSV1 | AB51: 79688 | AC51: 74054 | AD51: blancobrandan.5 | AE51: VCTBIBLA | AF51: 43915 | AG51: 0381-156088304 | AH51: 41763285 | AI51: 27417632854 | AJ51: 43451 | AK51: 43451 | AL51: 43467 | AM51: 612 | AN51: Campus Casino | AO51: 89873 | AP51: SI | AQ51: (Hs Orig 15:00 - 21:00 OFF Dom Sab)
A52: Campero Juarez Maria Guadalupe | B52: Gregoratti Juan Carlos | C52: Carrizo | D52: Ulises Joel | E52: OFF | F52: Approved OFF | G52: Approved OFF | H52: Approved OFF | I52: Approved OFF | J52: Approved OFF | K52: OFF | M52: CAPA CSV1 a CSV2 08/10 - 08/31 (activo 09/01)(Hs Orig 15:00 - 21:00 OFF Dom Sab) | N52: PT | O52: 0 | P52: 0 | Q52: 0 | R52: 0 | S52: 0 | T52: 0 | U52: 0 | V52: 0 | W52: 648224 | X52: 83409 | Y52: 2466183 | Z52: Servicios web | AA52: CSV1; servicions WEB; Compras Referidas | AB52: 79688 | AC52: 74054 | AD52: carrizo.93 | AE52: VCTULCAR | AF52: 43935 | AG52: 0381-155111621 | AH52: 37996896 | AI52: 20379968962 | AJ52: 42842 | AK52: 43930 | AL52: 43935 | AM52: 1212 | AN52: Campus Casino | AO52: 89913 | AP52: SI | AQ52: (Hs Orig 15:00 - 21:00 OFF Dom Sab)
A53: Campero Juarez Maria Guadalupe | B53: Gregoratti Juan Carlos | C53: Escobar | D53: Carolina del Valle | E53: OFF | F53: 15:00 - 21:00 | G53: 15:00 - 21:00 | H53: 15:00 - 21:00 | I53: 15:00 - 21:00 | J53: 15:00 - 21:00 | K53: OFF | N53: PT | O53: 0 | P53: 6 | Q53: 6 | R53: 6 | S53: 6 | T53: 6 | U53: 0 | V53: 30 | W53: 89122 | X53: 86153 | Y53: 3118303 | Z53: CSV2 | AA53: CSV1 / CSV2 | AB53: 79688 | AC53: 74054 | AD53: escobar.209 | AE53: VCTCAESC | AF53: 44011 | AG53: 381-153008243 | AH53: 35921616 | AI53: 27359216160 | AJ53: 43437 | AK53: 43437 | AL53: 43448 | AM53: 626 | AN53: Campus Casino | AO53: 89957 | AP53: NO | AQ53: (Hs Orig 15:00 - 21:00 OFF Dom Sab)
A54: Campero Juarez Maria Guadalupe | B54: Gregoratti Juan Carlos | C54: Garcia Jerez | D54: Matias Agustin | E54: OFF | F54: Approved OFF | G54: Approved OFF | H54: Approved OFF | I54: Approved OFF | J54: Approved OFF | K54: OFF | M54: CAPA CSV1 a CSV2 08/10 - 08/31 (activo 09/01)(Hs Orig 15:00 - 21:00 OFF Dom Sab) | N54: PT | O54: 0 | P54: 0 | Q54: 0 | R54: 0 | S54: 0 | T54: 0 | U54: 0 | V54: 0 | W54: 89186 | X54: 86334 | Y54: 3138482 | Z54: DVH | AA54: CSV1 | AB54: 79688 | AC54: 74054 | AD54: garciajerez.6 | AE54: VCTMATGA | AF54: 43916 | AG54: 0381-155330620 | AH54: 28883627 | AI54: 20288836273 | AJ54: 43460 | AK54: 43460 | AL54: 43476 | AM54: 603 | AN54: Campus Casino | AO54: 89958 | AP54: SI | AQ54: (Hs Orig 15:00 - 21:00 OFF Dom Sab)
A55: Campero Juarez Maria Guadalupe | B55: Gregoratti Juan Carlos | C55: Lafuente | D55: Facundo Edel | E55: OFF | F55: Approved OFF | G55: Approved OFF | H55: Approved OFF | I55: Approved OFF | J55: Approved OFF | K55: OFF | M55: CAPA CSV1 a CSV2 08/10 - 08/31 (activo 09/01)(Hs Orig 16:00 - 21:00 OFF Dom Sab) | N55: PT | O55: 0 | P55: 0 | Q55: 0 | R55: 0 | S55: 0 | T55: 0 | U55: 0 | V55: 0 | W55: 648062 | X55: 88050 | Y55: 3553149 | Z55: DVH | AA55: CSV1 | AB55: 79688 | AC55: 74054 | AD55: lafuente.23 | AE55: VCTFALAF | AF55: 43943 | AG55: 03814774519 | AH55: 41425872 | AI55: 20-41425872-8 | AJ55: 43942 | AK55: 43942 | AL55: 43943 | AM55: 128 | AN55: Campus Casino | AO55: 89959 | AP55: SI | AQ55: (Hs Orig 16:00 - 21:00 OFF Dom Sab)
A56: Campero Juarez Maria Guadalupe | B56: Gregoratti Juan Carlos | C56: Lescano | D56: Daiana Gissel | E56: OFF | F56: Approved OFF | G56: Approved OFF | H56: Approved OFF | I56: Approved OFF | J56: Approved OFF | K56: OFF | M56: CAPA CSV1 a CSV2 08/10 - 08/31 (activo 09/01)(Hs Orig 15:00 - 21:00 OFF Dom Sab) | N56: PT | O56: 0 | P56: 0 | Q56: 0 | R56: 0 | S56: 0 | T56: 0 | U56: 0 | V56: 0 | W56: 89312 | X56: 88173 | Y56: 3624180 | Z56: DVH | AA56: CSV1 | AB56: 79688 | AC56: 74054 | AD56: lescano.51 | AE56: VCTGILES | AF56: 43915 | AH56: 37460467 | AI56: 27374604673 | AJ56: 43808 | AK56: 43808 | AL56: 43831 | AM56: 260 | AN56: Campus Casino | AO56: 89960 | AP56: SI | AQ56: (Hs Orig 15:00 - 21:00 OFF Dom Sab)
A57: Campero Juarez Maria Guadalupe | B57: Gregoratti Juan Carlos | C57: Lizárraga | D57: Lucas Iván | E57: OFF | F57: Approved OFF | G57: Approved OFF | H57: Approved OFF | I57: Approved OFF | J57: Approved OFF | K57: OFF | M57: CAPA CSV1 a CSV2 08/10 - 08/31 (activo 09/01)(Hs Orig 15:00 - 21:00 OFF Dom Sab) | N57: PT | O57: 0 | P57: 0 | Q57: 0 | R57: 0 | S57: 0 | T57: 0 | U57: 0 | V57: 0 | W57: 648389 | X57: 87712 | Y57: 3526355 | Z57: CSV1 | AA57: CSV1 | AB57: 79688 | AC57: 74054 | AD57: lizrrraga.5 | AE57: VCTLULIZ | AF57: 43969 | AG57: 381 328 3185 | AH57: 41060400 | AI57: 20410604001 | AJ57: 43745 | AK57: 43962 | AL57: 43969 | AM57: 322 | AN57: Campus Casino | AO57: 648329 | AP57: SI | AQ57: (Hs Orig 15:00 - 21:00 OFF Dom Sab)
A58: Campero Juarez Maria Guadalupe | B58: Gregoratti Juan Carlos | C58: Ochoa | D58: Florencia Belen | E58: OFF | F58: Approved OFF | G58: Approved OFF | H58: Approved OFF | I58: Approved OFF | J58: Approved OFF | K58: OFF | M58: CAPA CSV1 a CSV2 08/10 - 08/31 (activo 09/01)(Hs Orig 15:00 - 21:00 OFF Dom Sab) | N58: PT | O58: 0 | P58: 0 | Q58: 0 | R58: 0 | S58: 0 | T58: 0 | U58: 0 | V58: 0 | W58: 89103 | X58: 85279 | Y58: 2804825 | Z58: DVH | AA58: CSV1 | AB58: 79688 | AC58: 74054 | AD58: ochoa.141 | AE58: VCTFLOCH | AF58: 43912 | AG58: 381-156743025 | AH58: 35374408 | AI58: 27353744084 | AJ58: 43164 | AK58: 43409 | AL58: 43423 | AM58: 894 | AN58: Campus Casino | AO58: 89962 | AP58: SI | AQ58: (Hs Orig 15:00 - 21:00 OFF Dom Sab)
A59: Campero Juarez Maria Guadalupe | B59: Gregoratti Juan Carlos | C59: Pachao Medina | D59: Juan Carlos | E59: OFF | F59: 15:00 - 21:00 | G59: 15:00 - 21:00 | H59: 15:00 - 21:00 | I59: 15:00 - 21:00 | J59: 15:00 - 21:00 | K59: OFF | N59: PT | O59: 0 | P59: 6 | Q59: 6 | R59: 6 | S59: 6 | T59: 6 | U59: 0 | V59: 30 | W59: 89243 | X59: 87301 | Y59: 3462491 | Z59: DVH | AA59: CSV1 | AB59: 79688 | AC59: 74054 | AD59: pachaomedina.5 | AE59: VCTJUPAC | AF59: 43919 | AG59: 3816470378 | AH59: 37455387 | AI59: 23374553879 | AJ59: 43703 | AK59: 43703 | AL59: 43713 | AM59: 363 | AN59: Campus Casino | AO59: 89963 | AP59: SI | AQ59: (Hs Orig 15:00 - 21:00 OFF Dom Sab)
A60: Ortiz Jose María | B60: Britos Fernando José | C60: Robles Marquez | D60: Emilse Nahir | E60: OFF | F60: 09:00 - 15:00 | G60: 09:00 - 15:00 | H60: 09:00 - 15:00 | I60: 09:00 - 15:00 | J60: 09:00 - 15:00 | K60: OFF | M60: Swap Permanente | N60: PT | O60: 0 | P60: 6 | Q60: 6 | R60: 6 | S60: 6 | T60: 6 | U60: 0 | V60: 30 | W60: 648351 | X60: 86179 | Y60: 3118459 | Z60: DVH | AA60: CSV1 | AB60: 77681 | AC60: 64118 | AD60: roblesmarquez.8 | AE60: VCTEMROB | AF60: 43969 | AG60: 381 571 6055 | AH60: 41959700 | AI60: 27419597002 | AJ60: 43437 | AK60: 43962 | AL60: 43969 | AM60: 626 | AN60: Campus Casino | AO60: 648332 | AP60: SI | AQ60: (Hs Orig 09:00 - 15:00 OFF Dom Sab)
A61: Campero Juarez Maria Guadalupe | B61: Gregoratti Juan Carlos | C61: Sanchez | D61: Juan Jorge Augusto | E61: OFF | F61: Approved OFF | G61: Approved OFF | H61: Approved OFF | I61: Approved OFF | J61: Approved OFF | K61: OFF | M61: CAPA CSV1 a CSV2 08/10 - 08/31 (activo 09/01)(Hs Orig 16:00 - 21:00 OFF Dom Sab) | N61: PT | O61: 0 | P61: 0 | Q61: 0 | R61: 0 | S61: 0 | T61: 0 | U61: 0 | V61: 0 | W61: 648059 | X61: 88036 | Y61: 3553110 | Z61: DVH | AA61: CSV1 | AB61: 79688 | AC61: 74054 | AD61: sanchez.2281 | AE61: VCTJUSAN | AF61: 43943 | AG61: 03814965135 | AH61: 41345711 | AI61: 20-41345711-5 | AJ61: 43942 | AK61: 43942 | AL61: 43943 | AM61: 128 | AN61: Campus Casino | AO61: 89964 | AP61: SI | AQ61: (Hs Orig 16:00 - 21:00 OFF Dom Sab)
A62: Campero Juarez Maria Guadalupe | B62: Gregoratti Juan Carlos | C62: Vitar | D62: Nuria Mariel | E62: OFF | F62: Approved OFF | G62: Approved OFF | H62: Approved OFF | I62: Approved OFF | J62: Approved OFF | K62: OFF | M62: CAPA CSV1 a CSV2 08/10 - 08/31 (activo 09/01)(Hs Orig 15:00 - 21:00 OFF Dom Sab) | N62: PT | O62: 0 | P62: 0 | Q62: 0 | R62: 0 | S62: 0 | T62: 0 | U62: 0 | V62: 0 | W62: 89135 | X62: 86152 | Y62: 1154505 | Z62: Compras Referidas | AA62: CSV1 | AB62: 79688 | AC62: 74054 | AD62: vitar.5 | AE62: VCTNUVIT | AF62: 43917 | AG62: 381-154686954 | AH62: 38045027 | AI62: 27380450270 | AJ62: 43437 | AK62: 43437 | AL62: 43448 | AM62: 626 | AN62: Campus Casino | AO62: 89965 | AP62: SI | AQ62: (Hs Orig 15:00 - 21:00 OFF Dom Sab)
A63: Campero Juarez Maria Guadalupe | B63: Gregoratti Juan Carlos | C63: Yapura | D63: Benito Javier | E63: OFF | F63: 15:00 - 20:00 | G63: 15:00 - 20:00 | H63: 15:00 - 20:00 | I63: 15:00 - 20:00 | J63: 15:00 - 20:00 | K63: OFF | N63: PT | O63: 0 | P63: 5 | Q63: 5 | R63: 5 | S63: 5 | T63: 5 | U63: 0 | V63: 25 | W63: 89222 | X63: 87048 | Y63: 3409593 | Z63: DVH | AA63: CSV1 | AB63: 79688 | AC63: 74054 | AD63: yapura.8 | AE63: VCTBEYAP | AF63: 43916 | AG63: 381-156375615 | AH63: 36998015 | AI63: 20369980158 | AJ63: 43668 | AK63: 43669 | AL63: 43678 | AM63: 397 | AN63: Campus Casino | AO63: 89966 | AP63: SI | AQ63: (Hs Orig 15:00 - 20:00 OFF Dom Sab)
A64: Campero Juarez Maria Guadalupe | B64: Podazza Villagra Daniel Matias | C64: Acosta | D64: Ignacio Matias | E64: OFF | F64: 15:00 - 20:00 | G64: 15:00 - 20:00 | H64: 15:00 - 20:00 | I64: 15:00 - 20:00 | J64: 15:00 - 20:00 | K64: OFF | N64: PT | O64: 0 | P64: 5 | Q64: 5 | R64: 5 | S64: 5 | T64: 5 | U64: 0 | V64: 25 | W64: 89204 | X64: 87044 | Y64: 3409636 | Z64: Servicios web | AA64: CSV1 | AB64: 80740 | AC64: 74054 | AD64: acosta.490 | AE64: VCTIGACO | AF64: 43921 | AG64: 381-156464004 | AH64: 40238197 | AI64: 20402381974 | AJ64: 43668 | AK64: 43669 | AL64: 43678 | AM64: 397 | AN64: Campus Casino | AO64: 89967 | AP64: SI | AQ64: (Hs Orig 15:00 - 20:00 OFF Dom Sab)
A65: Campero Juarez Maria Guadalupe | B65: Podazza Villagra Daniel Matias | C65: Albarracin | D65: Heber Wilson | E65: OFF | F65: Approved OFF | G65: Approved OFF | H65: Approved OFF | I65: Approved OFF | J65: Approved OFF | K65: OFF | M65: CAPA CSV1 a CSV2 08/10 - 08/31 (activo 09/01)(Hs Orig 15:00 - 20:00 OFF Dom Sab) | N65: PT | O65: 0 | P65: 0 | Q65: 0 | R65: 0 | S65: 0 | T65: 0 | U65: 0 | V65: 0 | W65: 89205 | X65: 87052 | Y65: 2445607 | Z65: Servicios web | AA65: CSV1 | AB65: 80740 | AC65: 74054 | AD65: albarracin.54 | AE65: VCTHEALB | AF65: 43934 | AG65: 381-155569434 | AH65: 35107662 | AI65: 20351076624 | AJ65: 43668 | AK65: 43669 | AL65: 43678 | AM65: 397 | AN65: Campus Casino | AO65: 89968 | AP65: SI | AQ65: (Hs Orig 15:00 - 20:00 OFF Dom Sab)
A66: Campero Juarez Maria Guadalupe | B66: Podazza Villagra Daniel Matias | C66: Almaraz | D66: Julio Cesar | E66: OFF | F66: Approved OFF | G66: Approved OFF | H66: Approved OFF | I66: Approved OFF | J66: Approved OFF | K66: OFF | M66: CAPA CSV1 a CSV2 08/10 - 08/31 (activo 09/01)(Hs Orig 15:00 - 21:00 OFF Dom Sab) | N66: PT | O66: 0 | P66: 0 | Q66: 0 | R66: 0 | S66: 0 | T66: 0 | U66: 0 | V66: 0 | W66: 89311 | X66: 88172 | Y66: 3624178 | Z66: Habilitaciones | AA66: CSV1 | AB66: 80740 | AC66: 74054 | AD66: almaraz.41 | AE66: VCTJUALM | AF66: 43921 | AH66: 40532698 | AI66: 20405326982 | AJ66: 43808 | AK66: 43808 | AL66: 43831 | AM66: 260 | AN66: Campus Casino | AO66: 89969 | AP66: SI | AQ66: (Hs Orig 15:00 - 21:00 OFF Dom Sab)
A67: Campero Juarez Maria Guadalupe | B67: Podazza Villagra Daniel Matias | C67: Antenucci | D67: Aldana Belén | E67: OFF | F67: Approved OFF | G67: Approved OFF | H67: Approved OFF | I67: Approved OFF | J67: Approved OFF | K67: OFF | M67: CAPA CSV1 a CSV2 08/10 - 08/31 (activo 09/01)(Hs Orig 15:00 - 21:00 OFF Dom Sab) | N67: PT | O67: 0 | P67: 0 | Q67: 0 | R67: 0 | S67: 0 | T67: 0 | U67: 0 | V67: 0 | W67: 648073 | X67: 88357 | Y67: 3667098 | Z67: TLMK | AA67: CSV1 | AB67: 80740 | AC67: 74054 | AD67: antenucci.9 | AE67: VCTALANT | AF67: 43943 | AG67: 03815198750 | AH67: 40086091 | AI67: 27-40086091-8 | AJ67: 43942 | AK67: 43942 | AL67: 43943 | AM67: 128 | AN67: Campus Casino | AO67: 89970 | AP67: SI | AQ67: (Hs Orig 15:00 - 21:00 OFF Dom Sab)
A68: Ortiz Jose María | B68: Brandan Ernesto Alejandro | C68: Burgos | D68: Damaris Nahir | E68: OFF | F68: 09:00 - 15:00 | G68: 09:00 - 15:00 | H68: 09:00 - 15:00 | I68: 09:00 - 15:00 | J68: 09:00 - 15:00 | K68: OFF | N68: PT | O68: 0 | P68: 6 | Q68: 6 | R68: 6 | S68: 6 | T68: 6 | U68: 0 | V68: 30 | W68: 89307 | X68: 88168 | Y68: 3624164 | Z68: CSV2 | AA68: CSV2 | AB68: 74323 | AC68: 64118 | AD68: burgos.173 | AE68: VCTDABUR | AF68: 43919 | AH68: 40274928 | AI68: 27402749283 | AJ68: 43808 | AK68: 43808 | AL68: 43831 | AM68: 260 | AN68: Campus Casino | AO68: 648241 | AP68: SI | AQ68: (Hs Orig 09:00 - 15:00 OFF Dom Sab)
A69: Campero Juarez Maria Guadalupe | B69: Podazza Villagra Daniel Matias | C69: Bustos | D69: Cecilia Leonor | E69: OFF | F69: 15:00 - 21:00 | G69: 15:00 - 21:00 | H69: 15:00 - 21:00 | I69: 15:00 - 21:00 | J69: 15:00 - 21:00 | K69: OFF | N69: PT | O69: 0 | P69: 6 | Q69: 6 | R69: 6 | S69: 6 | T69: 6 | U69: 0 | V69: 30 | W69: 89110 | X69: 85199 | Y69: 2792749 | Z69: Compras Referidas | AA69: CSV1 | AB69: 80740 | AC69: 74054 | AD69: bustos.105 | AE69: VCTCEBUS | AF69: 44018 | AG69: 381-156355347 | AH69: 38250399 | AI69: 27382503991 | AJ69: 43150 | AK69: 43409 | AL69: 43423 | AM69: 910 | AN69: Campus Casino | AO69: 89971 | AP69: SI | AQ69: (Hs Orig 15:00 - 21:00 OFF Dom Sab)
A70: Campero Juarez Maria Guadalupe | B70: Podazza Villagra Daniel Matias | C70: Ciccarelli | D70: Marycel Rocio | E70: OFF | F70: 15:00 - 20:00 | G70: 15:00 - 20:00 | H70: 15:00 - 20:00 | I70: 15:00 - 20:00 | J70: 15:00 - 20:00 | K70: OFF | N70: PT | O70: 0 | P70: 5 | Q70: 5 | R70: 5 | S70: 5 | T70: 5 | U70: 0 | V70: 25 | W70: 89208 | X70: 87049 | Y70: 1632745 | Z70: CSV2 | AA70: CSV2 | AB70: 80740 | AC70: 74054 | AD70: ciccarelli.7 | AE70: VCTMACIC | AF70: 43912 | AG70: 381-156028072 | AH70: 39478154 | AI70: 27-39478154-7 | AJ70: 43668 | AK70: 43669 | AL70: 43678 | AM70: 397 | AN70: Campus Casino | AO70: 89886 | AP70: SI | AQ70: (Hs Orig 15:00 - 20:00 OFF Dom Sab)
A71: Campero Juarez Maria Guadalupe | B71: Podazza Villagra Daniel Matias | C71: De la Rosa | D71: Solana | E71: OFF | F71: 16:00 - 21:00 | G71: 16:00 - 21:00 | H71: 16:00 - 21:00 | I71: 16:00 - 21:00 | J71: 16:00 - 21:00 | K71: OFF | N71: PT | O71: 0 | P71: 5 | Q71: 5 | R71: 5 | S71: 5 | T71: 5 | U71: 0 | V71: 25 | W71: 89210 | X71: 87061 | Y71: 3409646 | Z71: CSV2 | AA71: CSV2 | AB71: 80740 | AC71: 74054 | AD71: delarosa.359 | AE71: VCTSOROS | AF71: 43919 | AG71: 381-156144731 | AH71: 43162247 | AI71: 27431622470 | AJ71: 43668 | AK71: 43669 | AL71: 43678 | AM71: 397 | AN71: Campus Casino | AO71: 89972 | AP71: SI | AQ71: (Hs Orig 16:00 - 21:00 OFF Dom Sab)
A72: Campero Juarez Maria Guadalupe | B72: Podazza Villagra Daniel Matias | C72: Del Rio | D72: Virginia Natalia | E72: OFF | F72: 15:00 - 21:00 | G72: 15:00 - 21:00 | H72: 15:00 - 21:00 | I72: 15:00 - 21:00 | J72: 15:00 - 21:00 | K72: OFF | N72: PT | O72: 0 | P72: 6 | Q72: 6 | R72: 6 | S72: 6 | T72: 6 | U72: 0 | V72: 30 | W72: 89305 | X72: 88166 | Y72: 3624156 | Z72: CSV2 | AA72: CSV1 / CSV2 | AB72: 80740 | AC72: 74054 | AD72: delrio.52 | AE72: VCTVIDEL | AF72: 43910 | AH72: 40088998 | AI72: 27400889983 | AJ72: 43808 | AK72: 43808 | AL72: 43831 | AM72: 260 | AN72: Campus Casino | AO72: 89973 | AP72: SI | AQ72: (Hs Orig 15:00 - 21:00 OFF Dom Sab)
A73: Ortiz Jose María | B73: Brandan Ernesto Alejandro | C73: Galindez | D73: Yuliana Lilia Denis | E73: OFF | F73: 09:00 - 14:00 | G73: 09:00 - 14:00 | H73: 09:00 - 14:00 | I73: 09:00 - 14:00 | J73: 09:00 - 14:00 | K73: OFF | M73: Cambio de horario provisorio durante Waha a 09:00 - 14:00 (Hs Orig 15:00 - 20:00 OFF Dom Sab) | N73: PT | O73: 0 | P73: 5 | Q73: 5 | R73: 5 | S73: 5 | T73: 5 | U73: 0 | V73: 25 | W73: 89212 | X73: 87058 | Y73: 2702133 | Z73: CSV2 | AA73: CSV2 | AB73: 74323 | AC73: 64118 | AD73: galindez.28 | AE73: VCTYUGAL | AF73: 43917 | AG73: 381-155979585 | AH73: 37837958 | AI73: 27378379585 | AJ73: 43668 | AK73: 43669 | AL73: 43678 | AM73: 397 | AN73: Campus Casino | AO73: 89872 | AP73: SI | AQ73: (Hs Orig 15:00 - 20:00 OFF Dom Sab)
A74: Campero Juarez Maria Guadalupe | B74: Podazza Villagra Daniel Matias | C74: Latina | D74: Walter Fabian | E74: OFF | F74: Approved OFF | G74: Approved OFF | H74: Approved OFF | I74: Approved OFF | J74: Approved OFF | K74: OFF | M74: CAPA CSV1 a CSV2 08/10 - 08/31 (activo 09/01)(Hs Orig 16:00 - 21:00 OFF Dom Sab) | N74: PT | O74: 0 | P74: 0 | Q74: 0 | R74: 0 | S74: 0 | T74: 0 | U74: 0 | V74: 0 | W74: 648229 | X74: 82706 | Y74: 1506174 | Z74: CSV1 | AA74: CSV1; servicions WEB; Compras Referidas | AB74: 80740 | AC74: 74054 | AD74: latina.13 | AE74: VCTWALAT | AF74: 43935 | AG74: 381-156634740 | AH74: 38488834 | AI74: 20384888349 | AJ74: 42716 | AK74: 43930 | AL74: 43935 | AM74: 1337 | AN74: Campus Casino | AO74: 89914 | AP74: SI | AQ74: (Hs Orig 16:00 - 21:00 OFF Dom Sab)
A75: Campero Juarez Maria Guadalupe | B75: Podazza Villagra Daniel Matias | C75: Monteros | D75: Maximiliano Leopoldo | E75: OFF | F75: 16:00 - 21:00 | G75: 16:00 - 21:00 | H75: 16:00 - 21:00 | I75: 16:00 - 21:00 | J75: 16:00 - 21:00 | K75: OFF | N75: PT | O75: 0 | P75: 5 | Q75: 5 | R75: 5 | S75: 5 | T75: 5 | U75: 0 | V75: 25 | W75: 89272 | X75: 88047 | Y75: 3553144 | Z75: CSV2 | AA75: CSV2 | AB75: 80740 | AC75: 74054 | AD75: monteros.33 | AE75: VCTMAMON | AF75: 43912 | AH75: 38060703 | AI75: 20380607035 | AJ75: 43766 | AK75: 43766 | AL75: 43776 | AM75: 301 | AN75: Campus Casino | AO75: 89976 | AP75: SI | AQ75: (Hs Orig 16:00 - 21:00 OFF Dom Sab)
A76: Campero Juarez Maria Guadalupe | B76: Podazza Villagra Daniel Matias | C76: Nieva del Rio | D76: Micaela Anabel | E76: OFF | F76: 15:00 - 21:00 | G76: 15:00 - 21:00 | H76: 15:00 - 21:00 | I76: 15:00 - 21:00 | J76: 15:00 - 21:00 | K76: OFF | N76: PT | O76: 0 | P76: 6 | Q76: 6 | R76: 6 | S76: 6 | T76: 6 | U76: 0 | V76: 30 | W76: 89216 | X76: 87051 | Y76: 3409670 | Z76: CSV2 | AA76: CSV1 / CSV2 | AB76: 80740 | AC76: 74054 | AD76: nievadelrio.5 | AE76: VCTMINIE | AF76: 43917 | AG76: 381-153913270 | AH76: 34953151 | AI76: 27349531513 | AJ76: 43668 | AK76: 43669 | AL76: 43678 | AM76: 397 | AN76: Campus Casino | AO76: 89977 | AP76: SI | AQ76: (Hs Orig 15:00 - 20:00 OFF Dom Sab)
A77: Campero Juarez Maria Guadalupe | B77: Podazza Villagra Daniel Matias | C77: Perez Aguirre | D77: Luis Alejandro | E77: OFF | F77: Approved OFF | G77: Approved OFF | H77: Approved OFF | I77: Approved OFF | J77: Approved OFF | K77: OFF | M77: CAPA CSV1 a CSV2 08/10 - 08/31 (activo 09/01)(Hs Orig 15:00 - 21:00 OFF Dom Sab) | N77: PT | O77: 0 | P77: 0 | Q77: 0 | R77: 0 | S77: 0 | T77: 0 | U77: 0 | V77: 0 | W77: 648081 | X77: 88365 | Y77: 3667105 | Z77: TLMK | AA77: CSV1 | AB77: 80740 | AC77: 74054 | AD77: perez.2580 | AE77: VCTLUPER | AF77: 43943 | AG77: 3815426913 | AH77: 32158208 | AI77: 20-32158208-8 | AJ77: 43942 | AK77: 43942 | AL77: 43943 | AM77: 128 | AN77: Campus Casino | AO77: 89979 | AP77: SI | AQ77: (Hs Orig 15:00 - 21:00 OFF Dom Sab)
A78: Campero Juarez Maria Guadalupe | B78: Podazza Villagra Daniel Matias | C78: Roibon Mesias | D78: Tomas | E78: OFF | F78: Approved OFF | G78: Approved OFF | H78: Approved OFF | I78: Approved OFF | J78: Approved OFF | K78: OFF | M78: CAPA CSV1 a CSV2 08/10 - 08/31 (activo 09/01)(Hs Orig 15:00 - 21:00 OFF Dom Sab) | N78: PT | O78: 0 | P78: 0 | Q78: 0 | R78: 0 | S78: 0 | T78: 0 | U78: 0 | V78: 0 | W78: 648233 | X78: 84361 | Y78: 2741853 | Z78: Servicios web | AA78: CSV1; servicions WEB; Compras Referidas | AB78: 80740 | AC78: 74054 | AD78: roibonmesias.5 | AE78: VCTMEROI | AF78: 43935 | AG78: 381-156153365 | AH78: 36948295 | AI78: 20369482956 | AJ78: 43102 | AK78: 43930 | AL78: 43935 | AM78: 957 | AN78: Campus Casino | AO78: 89915 | AP78: SI | AQ78: (Hs Orig 15:00 - 21:00 OFF Dom Sab)
A79: Campero Juarez Maria Guadalupe | B79: Podazza Villagra Daniel Matias | C79: Romano | D79: Juan Pablo | E79: OFF | F79: 15:00 - 21:00 | G79: 15:00 - 21:00 | H79: 15:00 - 21:00 | I79: 15:00 - 21:00 | J79: 15:00 - 21:00 | K79: OFF | N79: PT | O79: 0 | P79: 6 | Q79: 6 | R79: 6 | S79: 6 | T79: 6 | U79: 0 | V79: 30 | W79: 89244 | X79: 87296 | Y79: 3462473 | Z79: DVH | AA79: CSV1 | AB79: 80740 | AC79: 74054 | AD79: romano.218 | AE79: VCTJUROM | AF79: 43921 | AG79: 3813039101 | AH79: 32460235 | AI79: 20-32460235-7 | AJ79: 43703 | AK79: 43703 | AL79: 43713 | AM79: 363 | AN79: Campus Casino | AO79: 648242 | AP79: SI | AQ79: (Hs Orig 15:00 - 21:00 OFF Dom Sab)
A80: Campero Juarez Maria Guadalupe | B80: Podazza Villagra Daniel Matias | C80: Romero | D80: Romina Ailen | E80: OFF | F80: Approved OFF | G80: Approved OFF | H80: Approved OFF | I80: Approved OFF | J80: Approved OFF | K80: OFF | M80: CAPA CSV1 a CSV2 08/10 - 08/31 (activo 09/01)(Hs Orig 15:00 - 21:00 OFF Dom Sab) | N80: PT | O80: 0 | P80: 0 | Q80: 0 | R80: 0 | S80: 0 | T80: 0 | U80: 0 | V80: 0 | W80: 89315 | X80: 88176 | Y80: 3624188 | Z80: CSV1 | AA80: CSV1 | AB80: 80740 | AC80: 74054 | AD80: romero.901 | AE80: VCTROROM | AF80: 43989 | AH80: 41522108 | AI80: 27415221083 | AJ80: 43808 | AK80: 43808 | AL80: 43831 | AM80: 260 | AN80: Campus Casino | AO80: 89980 | AP80: SI | AQ80: (Hs Orig 15:00 - 21:00 OFF Dom Sab)
A81: Campero Juarez Maria Guadalupe | B81: Podazza Villagra Daniel Matias | C81: Serrano | D81: Maria Catalina | E81: OFF | F81: Approved OFF | G81: Approved OFF | H81: Approved OFF | I81: Approved OFF | J81: Approved OFF | K81: OFF | M81: CAPA CSV1 a CSV2 08/10 - 08/31 (activo 09/01)(Hs Orig 16:00 - 21:00 OFF Dom Sab) | N81: PT | O81: 0 | P81: 0 | Q81: 0 | R81: 0 | S81: 0 | T81: 0 | U81: 0 | V81: 0 | W81: 89219 | X81: 87059 | Y81: 3267967 | Z81: DVH | AA81: CSV1 | AB81: 80740 | AC81: 74054 | AD81: serrano.498 | AE81: VCTMASER | AF81: 43915 | AG81: 381-155997096 | AH81: 38063040 | AI81: 27380630406 | AJ81: 43668 | AK81: 43669 | AL81: 43678 | AM81: 397 | AN81: Campus Casino | AO81: 89982 | AP81: SI | AQ81: (Hs Orig 16:00 - 21:00 OFF Dom Sab)
A82: Ortiz Jose María | B82: Brandan Ernesto Alejandro | C82: Argañaráz | D82: Luciano | E82: OFF | F82: 09:00 - 15:00 | G82: 09:00 - 15:00 | H82: 09:00 - 15:00 | I82: 09:00 - 15:00 | J82: 09:00 - 15:00 | K82: OFF | N82: PT | O82: 0 | P82: 6 | Q82: 6 | R82: 6 | S82: 6 | T82: 6 | U82: 0 | V82: 30 | W82: 89017 | X82: 85609 | Y82: 1584478 | Z82: CSV3 | AA82: CSV2/ CSV3 | AB82: 74323 | AC82: 64118 | AD82: arganaraz.45 | AE82: VCTLUARG | AF82: 43945 | AG82: 0381-156485869 | AH82: 36350437 | AI82: 20363504370 | AJ82: 43227 | AK82: 43259 | AL82: 43262 | AM82: 832 | AN82: Campus Casino | AO82: 89924 | AP82: SI | AQ82: (Hs Orig 09:00 - 15:00 OFF Dom Sab)
A83: Ortiz Jose María | B83: Brandan Ernesto Alejandro | C83: Arias | D83: Daniela Beatriz | E83: OFF | F83: 09:00 - 15:00 | G83: 09:00 - 15:00 | H83: 09:00 - 15:00 | I83: 09:00 - 15:00 | J83: 09:00 - 15:00 | K83: OFF | N83: PT | O83: 0 | P83: 6 | Q83: 6 | R83: 6 | S83: 6 | T83: 6 | U83: 0 | V83: 30 | W83: 89025 | X83: 85619 | Y83: 2873635 | Z83: VIP | AA83: CSV2/CSV3/ VIP | AB83: 74323 | AC83: 64118 | AD83: arias.191 | AE83: VCTDAARI | AF83: 43910 | AG83: 0381 -153011270 | AH83: 33978353 | AI83: 27339783530 | AJ83: 43227 | AK83: 43259 | AL83: 43262 | AM83: 832 | AN83: Campus Casino | AO83: 89925 | AP83: SI | AQ83: (Hs Orig 09:00 - 15:00 OFF Dom Sab)
A84: Ortiz Jose María | B84: Brandan Ernesto Alejandro | C84: Campos | D84: Rodrigo Federico | E84: OFF | F84: Approved OFF | G84: Approved OFF | H84: Approved OFF | I84: Approved OFF | J84: Approved OFF | K84: OFF | M84: CAPA CSV3 a Vip 08/24 - 08/28 (activo 08/26)(Hs Orig 09:00 - 15:00 OFF Dom Sab) | N84: PT | O84: 0 | P84: 0 | Q84: 0 | R84: 0 | S84: 0 | T84: 0 | U84: 0 | V84: 0 | W84: 89009 | X84: 78561 | Y84: 1159887 | Z84: CSV3 | AA84: CSV2/CSV3/HD | AB84: 74323 | AC84: 64118 | AD84: campos.120 | AE84: VCTROCAM | AF84: 43919 | AG84: 0381-153303102 | AH84: 37501588 | AI84: 23375015889 | AJ84: 41643 | AK84: 43259 | AL84: 43262 | AM84: 2395 | AN84: Campus Casino | AO84: 89926 | AP84: SI | AQ84: (Hs Orig 09:00 - 15:00 OFF Dom Sab)
A85: Ortiz Jose María | B85: Brandan Ernesto Alejandro | C85: Delgado | D85: Jessica Elizabeth | E85: OFF | F85: Approved OFF | G85: Approved OFF | H85: Approved OFF | I85: 09:00 - 15:00 | J85: 09:00 - 15:00 | K85: OFF | M85: Back From CAPA CSV2 a CSV3 08/11 - 08/26 (activo 08/27)(Hs Orig 09:00 - 15:00 OFF Dom Sab) | N85: PT | O85: 0 | P85: 0 | Q85: 0 | R85: 0 | S85: 6 | T85: 6 | U85: 0 | V85: 12 | W85: 89181 | X85: 86326 | Y85: 3138477 | Z85: CSV2 | AA85: CSV1 / CSV2 | AB85: 74323 | AC85: 64118 | AD85: delgado.492 | AE85: VCTJEDEL | AF85: 43916 | AG85: 0381-155789939 | AH85: 35029789 | AI85: 27350297893 | AJ85: 43460 | AK85: 43460 | AL85: 43476 | AM85: 603 | AN85: Campus Casino | AO85: 89927 | AP85: SI | AQ85: (Hs Orig 09:00 - 15:00 OFF Dom Sab)
A86: Ortiz Jose María | B86: Brandan Ernesto Alejandro | C86: Fernandez | D86: Carolina del Valle | E86: OFF | F86: 09:00 - 15:00 | G86: 09:00 - 15:00 | H86: 09:00 - 15:00 | I86: 09:00 - 15:00 | J86: 09:00 - 15:00 | K86: OFF | N86: PT | O86: 0 | P86: 6 | Q86: 6 | R86: 6 | S86: 6 | T86: 6 | U86: 0 | V86: 30 | W86: 89184 | X86: 86327 | Y86: 3138516 | Z86: CSV2 | AA86: CSV1 / CSV2 | AB86: 74323 | AC86: 64118 | AD86: fernandez.1680 | AE86: VCTCAFER | AF86: 43916 | AG86: 0381-155090139 | AH86: 25502915 | AI86: 27255029156 | AJ86: 43460 | AK86: 43460 | AL86: 43476 | AM86: 603 | AN86: Campus Casino | AO86: 89944 | AP86: SI | AQ86: (Hs Orig 09:00 - 15:00 OFF Dom Sab)
A87: Ortiz Jose María | B87: Brandan Ernesto Alejandro | C87: Galarce | D87: Diego Jose | E87: OFF | F87: 09:00 - 15:00 | G87: 09:00 - 15:00 | H87: 09:00 - 15:00 | I87: 09:00 - 15:00 | J87: 09:00 - 15:00 | K87: OFF | N87: PT | O87: 0 | P87: 6 | Q87: 6 | R87: 6 | S87: 6 | T87: 6 | U87: 0 | V87: 30 | W87: 89037 | X87: 76594 | Y87: 796797 | Z87: CSV2 | AA87: CSV2 | AB87: 74323 | AC87: 64118 | AD87: galarce.6 | AE87: VCTDIGAL | AF87: 43921 | AG87: 0381 -156406308 | AH87: 33609113 | AI87: 20336091137 | AJ87: 41008 | AK87: 43327 | AL87: 43328 | AM87: 3020 | AN87: Campus Casino | AO87: 89928 | AP87: SI | AQ87: (Hs Orig 09:00 - 15:00 OFF Dom Sab)
A88: Campero Juarez Maria Guadalupe | B88: Corbera Susana Sofía | C88: Guzman | D88: Nahuel Maximiliano | E88: OFF | F88: 15:00 - 21:00 | G88: 15:00 - 21:00 | H88: 15:00 - 21:00 | I88: 15:00 - 21:00 | J88: 15:00 - 21:00 | K88: OFF | M88: Cambio de horario durante WAHA a 15:00 - 21:00 (Hs Orig 09:00 - 15:00 OFF Dom Sab) | N88: PT | O88: 0 | P88: 6 | Q88: 6 | R88: 6 | S88: 6 | T88: 6 | U88: 0 | V88: 30 | W88: 89188 | X88: 86341 | Y88: 3138508 | Z88: CSV2 | AA88: CSV1 / CSV2 | AB88: #N/A | AC88: 74054 | AD88: guzman.452 | AE88: VCTNAGUZ | AF88: 43917 | AG88: 0381-154347497 | AH88: 40273349 | AI88: 20402733498 | AJ88: 43460 | AK88: 43460 | AL88: 43476 | AM88: 603 | AN88: Campus Casino | AO88: 89975 | AP88: SI | AQ88: (Hs Orig 09:00 - 15:00 OFF Dom Sab)
A89: Ortiz Jose María | B89: Brandan Ernesto Alejandro | C89: Lopez | D89: Ana Valentina | E89: OFF | F89: 09:00 - 15:00 | G89: 09:00 - 15:00 | H89: 09:00 - 15:00 | I89: 09:00 - 15:00 | J89: 09:00 - 15:00 | K89: OFF | N89: PT | O89: 0 | P89: 6 | Q89: 6 | R89: 6 | S89: 6 | T89: 6 | U89: 0 | V89: 30 | W89: 89126 | X89: 86147 | Y89: 3118280 | Z89: CSV2 | AA89: CSV1 / CSV2 | AB89: 74323 | AC89: 64118 | AD89: lpez.19 | AE89: VCTANLOP | AF89: 43919 | AG89: 381-156254830 | AH89: 37740165 | AI89: 23377401654 | AJ89: 43437 | AK89: 43437 | AL89: 43448 | AM89: 626 | AN89: Campus Casino | AO89: 89929 | AP89: SI | AQ89: (Hs Orig 09:00 - 15:00 OFF Dom Sab)
A90: Ortiz Jose María | B90: Brandan Ernesto Alejandro | C90: Loto | D90: Fernanda | E90: OFF | F90: LOA | G90: LOA | H90: LOA | I90: LOA | J90: LOA | K90: OFF | M90: LOA mm/dd - mm/dd (Hs Orig 09:00 - 15:00 OFF Dom Sab) | N90: PT | O90: 0 | P90: 0 | Q90: 0 | R90: 0 | S90: 0 | T90: 0 | U90: 0 | V90: 0 | W90: 89003 | X90: 81254 | Y90: 1313201 | Z90: CSV2 | AA90: CSV2 | AB90: 74323 | AC90: 64118 | AD90: loto.10 | AE90: VCTFELOT | AG90: 0381-155533301 | AH90: 32775545 | AI90: 27327755450 | AJ90: 42347 | AK90: 43259 | AL90: 43262 | AM90: 1700 | AN90: Campus Casino | AP90: NO | AQ90: (Hs Orig 09:00 - 15:00 OFF Dom Sab)
A91: Ortiz Jose María | B91: Brandan Ernesto Alejandro | C91: Luna | D91: Maria De Los Angeles | E91: OFF | F91: 09:00 - 15:00 | G91: 09:00 - 15:00 | H91: 09:00 - 15:00 | I91: 09:00 - 15:00 | J91: 09:00 - 15:00 | K91: OFF | N91: PT | O91: 0 | P91: 6 | Q91: 6 | R91: 6 | S91: 6 | T91: 6 | U91: 0 | V91: 30 | W91: 89085 | X91: 82428 | Y91: 1581549 | Z91: CSV2 | AA91: CSV1 / CSV2 | AB91: 74323 | AC91: 64118 | AD91: luna.326 | AE91: VCTMALUN | AF91: 43912 | AG91: 0381-153025745 | AH91: 31127334 | AI91: 27311273340 | AJ91: 42636 | AK91: 43409 | AL91: 43423 | AM91: 1416 | AN91: Campus Casino | AO91: 89976 | AP91: SI | AQ91: (Hs Orig 09:00 - 15:00 OFF Dom Sab)
A92: Ortiz Jose María | B92: Brandan Ernesto Alejandro | C92: Mansilla | D92: Micaela Belen | E92: OFF | F92: 09:00 - 15:00 | G92: 09:00 - 15:00 | H92: 09:00 - 15:00 | I92: 09:00 - 15:00 | J92: 09:00 - 15:00 | K92: OFF | N92: PT | O92: 0 | P92: 6 | Q92: 6 | R92: 6 | S92: 6 | T92: 6 | U92: 0 | V92: 30 | W92: 89045 | X92: 83798 | Y92: 2593757 | Z92: CSV3 | AA92: CSV2/ HD/ CSV3 | AB92: 74323 | AC92: 64118 | AD92: mansilla.38 | AE92: VCTMIMAN | AF92: 43917 | AG92: 0381 -155403921 | AH92: 39140995 | AI92: 27391409957 | AJ92: 42954 | AK92: 43327 | AL92: 43328 | AM92: 1102 | AN92: Campus Casino | AO92: 89930 | AP92: SI | AQ92: (Hs Orig 09:00 - 15:00 OFF Dom Sab)
A93: Ortiz Jose María | B93: Brandan Ernesto Alejandro | C93: Martinez | D93: Lorena Macarena | E93: OFF | F93: 09:00 - 15:00 | G93: 09:00 - 15:00 | H93: 09:00 - 15:00 | I93: 09:00 - 15:00 | J93: 09:00 - 15:00 | K93: OFF | N93: PT | O93: 0 | P93: 6 | Q93: 6 | R93: 6 | S93: 6 | T93: 6 | U93: 0 | V93: 30 | W93: 89020 | X93: 85612 | Y93: 2445213 | Z93: VIP | AA93: CSV2/ CSV3 VIP | AB93: 74323 | AC93: 64118 | AD93: martinez.2823 | AE93: VCTMAMAR | AF93: 43945 | AG93: 0381-153533229 | AH93: 41060279 | AI93: 27410602798 | AJ93: 43227 | AK93: 43259 | AL93: 43262 | AM93: 832 | AN93: Campus Casino | AO93: 89796 | AP93: SI | AQ93: (Hs Orig 09:00 - 15:00 OFF Dom Sab)
A94: Ortiz Jose María | B94: Brandan Ernesto Alejandro | C94: Morales | D94: Lucas Santiago | E94: OFF | F94: 09:00 - 15:00 | G94: 09:00 - 15:00 | H94: 09:00 - 15:00 | I94: 09:00 - 15:00 | J94: 09:00 - 15:00 | K94: OFF | N94: PT | O94: 0 | P94: 6 | Q94: 6 | R94: 6 | S94: 6 | T94: 6 | U94: 0 | V94: 30 | W94: 89000 | X94: 82330 | Y94: 1704898 | Z94: HD | AA94: CSV2/ HD/ CSV3 | AB94: 74323 | AC94: 64118 | AD94: morales.739 | AE94: VCTLUMOR | AF94: 43915 | AG94: 0381-154762606 | AH94: 39138577 | AI94: 20391385778 | AJ94: 42613 | AK94: 43259 | AL94: 43262 | AM94: 1439 | AN94: Campus Casino | AO94: 89931 | AP94: SI | AQ94: (Hs Orig 09:00 - 15:00 OFF Dom Sab)
A95: Ortiz Jose María | B95: Brandan Ernesto Alejandro | C95: Nuñez | D95: Roxana Marcela | E95: OFF | F95: Approved OFF | G95: Approved OFF | H95: Approved OFF | I95: Approved OFF | J95: Approved OFF | K95: OFF | M95: CAPA CSV1 a CSV2 08/10 - 08/31 (activo 09/01)(Hs Orig 09:00 - 15:00 OFF Dom Sab) | N95: PT | O95: 0 | P95: 0 | Q95: 0 | R95: 0 | S95: 0 | T95: 0 | U95: 0 | V95: 0 | W95: 89011 | X95: 71634 | Y95: 513017 | Z95: DVH | AA95: CSV1 | AB95: 74323 | AC95: 64118 | AD95: nunez.36 | AE95: VCTRONUN | AF95: 43945 | AG95: 0381-155710981 | AH95: 23931674 | AI95: 27239316749 | AJ95: 40473 | AK95: 43259 | AL95: 43262 | AM95: 3547 | AN95: Campus Casino | AO95: 89932 | AP95: SI | AQ95: (Hs Orig 09:00 - 15:00 OFF Dom Sab)
A96: Ortiz Jose María | B96: Brandan Ernesto Alejandro | C96: Palavecino | D96: Marta Erika del Valle | E96: OFF | F96: 09:00 - 15:00 | G96: 09:00 - 15:00 | H96: 09:00 - 15:00 | I96: 09:00 - 15:00 | J96: 09:00 - 15:00 | K96: OFF | N96: PT | O96: 0 | P96: 6 | Q96: 6 | R96: 6 | S96: 6 | T96: 6 | U96: 0 | V96: 30 | W96: 89038 | X96: 77400 | Y96: 961948 | Z96: VIP | AA96: CSV2/CSV3/ VIP | AB96: 74323 | AC96: 64118 | AD96: palavecino.17 | AE96: VCTMAPAL | AF96: 43919 | AG96: 0381 - 155089689 | AH96: 33161905 | AI96: 27331619057 | AJ96: 41288 | AK96: 43327 | AL96: 43328 | AM96: 2745 | AN96: Campus Casino | AO96: 89933 | AP96: SI | AQ96: (Hs Orig 09:00 - 15:00 OFF Dom Sab)
A97: Ortiz Jose María | B97: Brandan Ernesto Alejandro | C97: Rivadeneira | D97: Maira Belén | E97: OFF | F97: LOA | G97: LOA | H97: LOA | I97: LOA | J97: LOA | K97: OFF | M97: LOA mm/dd - mm/dd | N97: PT | O97: 0 | P97: 0 | Q97: 0 | R97: 0 | S97: 0 | T97: 0 | U97: 0 | V97: 0 | W97: 89006 | X97: 83577 | Y97: 2523177 | Z97: CSV2 | AA97: CSV2 | AB97: 74323 | AC97: 64118 | AD97: rivadeneira.25 | AE97: VCTMARIV | AG97: 0381-155974525 | AH97: 39729566 | AI97: 23397295664 | AJ97: 42522 | AK97: 43259 | AL97: 43262 | AM97: 1528 | AN97: Campus Casino | AP97: NO | AQ97: (Hs Orig 09:00 - 15:00 OFF Dom Sab)
A98: Ortiz Jose María | B98: Brandan Ernesto Alejandro | C98: Rodriguez Ciccio | D98: Nicolas Exequiel | E98: OFF | F98: 09:00 - 15:00 | G98: 09:00 - 15:00 | H98: 09:00 - 15:00 | I98: 09:00 - 15:00 | J98: 09:00 - 15:00 | K98: OFF | N98: PT | O98: 0 | P98: 6 | Q98: 6 | R98: 6 | S98: 6 | T98: 6 | U98: 0 | V98: 30 | W98: 89193 | X98: 86339 | Y98: 3138527 | Z98: VIP | AA98: CSV2/CSV3/ VIP | AB98: 74323 | AC98: 64118 | AD98: rodriguezciccio.5 | AE98: VCTNIROD | AF98: 43919 | AG98: 381-156632446 | AH98: 40531146 | AI98: 20405311462 | AJ98: 43460 | AK98: 43460 | AL98: 43476 | AM98: 603 | AN98: Campus Casino | AO98: 89934 | AP98: SI | AQ98: (Hs Orig 09:00 - 15:00 OFF Dom Sab)
A99: Ortiz Jose María | B99: Brandan Ernesto Alejandro | C99: Salas | D99: Melina del Carmen | E99: OFF | F99: 09:00 - 15:00 | G99: 09:00 - 15:00 | H99: 09:00 - 15:00 | I99: 09:00 - 15:00 | J99: 09:00 - 15:00 | K99: OFF | N99: PT | O99: 0 | P99: 6 | Q99: 6 | R99: 6 | S99: 6 | T99: 6 | U99: 0 | V99: 30 | W99: 89132 | X99: 86156 | Y99: 3118290 | Z99: CSV2 | AA99: CSV1 / CSV2 | AB99: 74323 | AC99: 64118 | AD99: Salas.258 | AE99: VCTMESAL | AF99: 43919 | AG99: 381-155940438 | AH99: 39574228 | AI99: 27395742286 | AJ99: 43437 | AK99: 43437 | AL99: 43448 | AM99: 626 | AN99: Campus Casino | AO99: 89979 | AP99: SI | AQ99: (Hs Orig 09:00 - 15:00 OFF Dom Sab)
A100: Ortiz Jose María | B100: Brandan Ernesto Alejandro | C100: Santucho | D100: Ramon Eduardo | E100: OFF | F100: 09:00 - 15:00 | G100: 09:00 - 15:00 | H100: 09:00 - 15:00 | I100: 09:00 - 15:00 | J100: 09:00 - 15:00 | K100: OFF | N100: PT | O100: 0 | P100: 6 | Q100: 6 | R100: 6 | S100: 6 | T100: 6 | U100: 0 | V100: 30 | W100: 89035 | X100: 83852 | Y100: 2592591 | Z100: VIP | AA100: CSV2/CSV3/ VIP | AB100: 74323 | AC100: 64118 | AD100: santucho.19 | AE100: VCTRASAN | AF100: 43915 | AG100: 0381 -156858989 | AH100: 38243803 | AI100: 20382438036 | AJ100: 42954 | AK100: 43327 | AL100: 43328 | AM100: 1102 | AN100: Campus Casino | AO100: 89935 | AP100: SI | AQ100: (Hs Orig 09:00 - 15:00 OFF Dom Sab)
...

Sheet Sups' Final Roster 0823-0829
A1: ACM | B1: Supervisor | C1: Sunday | D1: Monday | E1: Tuesday | F1: Wednesday | G1: Thrusday | H1: Friday | I1: Saturday | J1: Legajo | K1: CCMSID
A2: Campero Juarez Maria Guadalupe | B2: Arias Juan José | C2: OFF | D2: 12:00 - 21:00 | E2: 12:00 - 21:00 | F2: 12:00 - 21:00 | G2: 12:00 - 21:00 | H2: 12:00 - 21:00 | I2: OFF | J2: 84825 | K2: 2770365
A3: Campero Juarez Maria Guadalupe | B3: Corbera Susana Sofía | C3: OFF | D3: 12:00 - 21:00 | E3: 12:00 - 21:00 | F3: 12:00 - 21:00 | G3: 12:00 - 21:00 | H3: 12:00 - 21:00 | I3: OFF | J3: 81043 | K3: 1880608
A4: Campero Juarez Maria Guadalupe | B4: Podazza Villagra Daniel Matias | C4: OFF | D4: 12:00 - 21:00 | E4: 12:00 - 21:00 | F4: 12:00 - 21:00 | G4: 12:00 - 21:00 | H4: 12:00 - 21:00 | I4: OFF | J4: 80740 | K4: 1793255
A5: Campero Juarez Maria Guadalupe | B5: Gregoratti Juan Carlos | C5: OFF | D5: 12:00 - 21:00 | E5: 12:00 - 21:00 | F5: 12:00 - 21:00 | G5: 12:00 - 21:00 | H5: 12:00 - 21:00 | I5: OFF | J5: 79688 | K5: 1453697
A6: Pérez Zitzke Agustina | B6: Vazquez Valladares Eduardo Alejandro | C6: OFF | D6: 12:00 - 21:00 | E6: 12:00 - 21:00 | F6: 12:00 - 21:00 | G6: 12:00 - 21:00 | H6: 12:00 - 21:00 | I6: OFF | J6: 77681 | K6: 1077981
A7: Pérez Zitzke Agustina | B7: Ramallo Jose Emanuel | C7: OFF | D7: 12:00 - 21:00 | E7: 12:00 - 21:00 | F7: 12:00 - 21:00 | G7: 12:00 - 21:00 | H7: 12:00 - 21:00 | I7: OFF | J7: 79479 | K7: 1407265
A8: Campero Juarez Maria Guadalupe | B8: Criado Esteban | C8: OFF | D8: 12:00 - 21:00 | E8: 12:00 - 21:00 | F8: 12:00 - 21:00 | G8: 12:00 - 21:00 | H8: 12:00 - 21:00 | I8: OFF | J8: 85154 | K8: 1815266
A9: Ortiz Jose María | B9: Diaz Jesica Luciana | C9: OFF | D9: 07:30 - 16:30 | E9: 07:30 - 16:30 | F9: 07:30 - 16:30 | G9: 07:30 - 16:30 | H9: 07:30 - 16:30 | I9: OFF | J9: 66977 | K9: 500642
A10: Pérez Zitzke Agustina | B10: Villa Aleman Alejandro Roberto | C10: OFF | D10: 08:00 - 17:00 | E10: 08:00 - 17:00 | F10: 08:00 - 17:00 | G10: 08:00 - 17:00 | H10: 08:00 - 17:00 | I10: OFF | J10: 81755 | K10: 2052783
A11: Ortiz Jose María | B11: Brandan Ernesto Alejandro | C11: OFF | D11: 08:00 - 17:00 | E11: 08:00 - 17:00 | F11: 08:00 - 17:00 | G11: 08:00 - 17:00 | H11: 08:00 - 17:00 | I11: OFF | J11: 74323 | K11: 595902
A12: Ortiz Jose María | B12: Britos Fernando José | C12: OFF | D12: 08:00 - 17:00 | E12: 08:00 - 17:00 | F12: 08:00 - 17:00 | G12: 08:00 - 17:00 | H12: 08:00 - 17:00 | I12: OFF | J12: 70271 | K12: 490014
A13: Ortiz Jose María | B13: Esquivel Pavan Pamela Sol | C13: OFF | D13: 08:00 - 17:00 | E13: 08:00 - 17:00 | F13: 08:00 - 17:00 | G13: 08:00 - 17:00 | H13: 08:00 - 17:00 | I13: OFF | J13: 78667 | K13: 1244026
... A20: Ortiz Jose María | B20: Silva Gabriel Alberto | C20: OFF | D20: 08:00 - 17:00 | E20: 08:00 - 17:00 | F20: 08:00 - 17:00 | G20: 08:00 - 17:00 | H20: 08:00 - 17:00 | I20: OFF | J20: 84144 | K20: 2714348

Sheet ACMs' Final Roster 0823-0829
A1: CCM | B1: ACM | C1: Sunday | D1: Monday | E1: Tuesday | F1: Wednesday | G1: Thrusday | H1: Friday | I1: Saturday | J1: Legajo | K1: CCMSID
A2: Décima Romina Soledad | B2: Ortiz Jose María | C2: OFF | D2: 09:00 - 18:00 | E2: 09:00 - 18:00 | F2: 09:00 - 18:00 | G2: 09:00 - 18:00 | H2: 09:00 - 18:00 | I2: OFF | J2: 64118 | K2: 433569
A3: Décima Romina Soledad | B3: Campero Juarez Maria Guadalupe | C3: OFF | D3: 11:00 - 20:00 | E3: 11:00 - 20:00 | F3: 11:00 - 20:00 | G3: 11:00 - 20:00 | H3: 11:00 - 20:00 | I3: OFF | J3: 74054 | K3: 590259
A4: Décima Romina Soledad | B4: Pérez Zitzke Agustina | C4: OFF | D4: 09:00 - 18:00 | E4: 09:00 - 18:00 | F4: 09:00 - 18:00 | G4: 09:00 - 18:00 | H4: 09:00 - 18:00 | I4: OFF | J4: 59438 | K4: 433173

Sheet Ratios
A1: RATIO Prisma
A3: ACM | B3: Supervisor | C3: Supervisores | D3: Share | H3: ACM | I3: Supervisor | J3: Agentes | K3: Share
A4: Ortiz Jose María | B4: Diaz Jesica Luciana | C4: 20 | D4: 0.06116208 | H4: Ortiz Jose María | I4: Brandan Ernesto Alejandro | J4: 21 | K4: 0.10144928
B5: Brandan Ernesto Alejandro | C5: 21 | D5: 0.064220183 | I5: Esquivel Pavan Pamela Sol | J5: 21 | K5: 0.10144928
B6: Esquivel Pavan Pamela Sol | C6: 21 | D6: 0.064220183 | I6: Diaz Jesica Luciana | J6: 20 | K6: 0.096618357
B7: Gerez Andrea Soledad | C7: 19 | D7: 0.058103976 | I7: Gerez Andrea Soledad | J7: 19 | K7: 0.09178744
B8: Britos Fernando José | C8: 16 | D8: 0.048929664 | I8: Britos Fernando José | J8: 16 | K8: 0.077294686
B9: Silva Gabriel Alberto | C9: 9 | D9: 0.027522936 | H9: Ortiz Jose María Total | J9: 97 | K9: 0.46859903
A10: Ortiz Jose María Total | C10: 106 | D10: 0.32415902 | H10: Campero Juarez Maria Guadalupe | I10: Podazza Villagra Daniel Matias | J10: 19 | K10: 0.09178744
A11: Campero Juarez Maria Guadalupe | B11: Arias Juan José | C11: 18 | D11: 0.055045872 | I11: Corbera Susana Sofía | J11: 19 | K11: 0.09178744
B12: Podazza Villagra Daniel Matias | C12: 19 | D12: 0.058103976 | I12: Arias Juan José | J12: 18 | K12: 0.086956522
B13: Gregoratti Juan Carlos | C13: 17 | D13: 0.051987768 | I13: Gregoratti Juan Carlos | J13: 17 | K13: 0.082125604
B14: Corbera Susana Sofía | C14: 19 | D14: 0.058103976 | H14: Campero Juarez Maria Guadalupe Total | J14: 73 | K14: 0.352657
B15: Criado Esteban | C15: 20 | D15: 0.06116208 | H15: Perez Zitzke Agustina | I15: Villa Aleman Alejandro Roberto | J15: 21 | K15: 0.10144928
B16: Bachur Karim | C16: 14 | D16: 0.042813456 | I16: Vazquez Valladares Eduardo Alejandro | J16: 16 | K16: 0.077294686
B17: Mendoza Norma Mercedes | C17: 13 | D17: 0.039755352 | H17: Perez Zitzke Agustina Total | J17: 37 | K17: 0.17874396
A18: Campero Juarez Maria Guadalupe Total | C18: 120 | D18: 0.36697248 | H18: Grand Total | J18: 207 | K18: 1
A19: Perez Zitzke Agustina | B19: Vazquez Valladares Eduardo Alejandro | C19: 16 | D19: 0.048929664
B20: Villa Aleman Alejandro Roberto | C20: 21 | D20: 0.064220183
B21: Grimaldi Agustina Sofía | C21: 17 | D21: 0.051987768
B22: Ramallo Jose Emanuel | C22: 19 | D22: 0.058103976
B23: Palomino Juan Pablo | C23: 19 | D23: 0.058103976
B24: Albornoz Miguel | C24: 9 | D24: 0.027522936
A25: Perez Zitzke Agustina Total | C25: 101 | D25: 0.3088685
A26: Grand Total | C26: 327 | D26: 1

Sheet Agents
A1: ACM | B1: Supervisor | C1: Last Name | D1: First Name | E1: Sunday | F1: Monday | G1: Tuesday | H1: Wednesday | I1: Thrusday | J1: Friday | K1: Saturday | L1: Attriton Date | M1: Comments | N1: Type | O1: Sun Hrs. | P1: Mon Hrs. | Q1: Tue Hrs. | R1: Wed Hrs. | S1: Thu Hrs. | T1: Fri Hrs. | U1: Sat Hrs. | V1: Scheduled Hrs. | W1: ACDID | X1: Agent´s Payroll Number | Y1: CCMSID | Z1: LOB | AA1: Secondary Skill | AB1: Supervisor´s Payroll Numer | AC1: ACM´s Payroll Number | AD1: NT Loguin | AE1: User #1 | AF1: User #2 | AG1: Telephone Number | AH1: DNI | AI1: CUIL | AJ1: TPARG Hire Date | AK1: Project Hire Date | AL1: Production Hire Date | AM1: Tenure | AN1: Site | AO1: Set Skill Programado | AP1: LOA
A2: ='Agents'' Final Roster 0823-0829'!A2 -> Campero Juarez Maria Guadalupe | B2: ='Agents'' Final Roster 0823-0829'!B2 -> Arias Juan José | C2: ='Agents'' Final Roster 0823-0829'!C2 -> Bautista Boloña | D2: ='Agents'' Final Roster 0823-0829'!D2 -> Luciana Florencia | Z2: ='Agents'' Final Roster 0823-0829'!Z2 -> CSV2
A3: ='Agents'' Final Roster 0823-0829'!A3 -> Campero Juarez Maria Guadalupe | B3: ='Agents'' Final Roster 0823-0829'!B3 -> Arias Juan José | C3: ='Agents'' Final Roster 0823-0829'!C3 -> Albornoz Perez | D3: ='Agents'' Final Roster 0823-0829'!D3 -> Jose Ezequiel | Z3: ='Agents'' Final Roster 0823-0829'!Z3 -> DVH
A4: ='Agents'' Final Roster 0823-0829'!A4 -> Campero Juarez Maria Guadalupe | B4: ='Agents'' Final Roster 0823-0829'!B4 -> Arias Juan José | C4: ='Agents'' Final Roster 0823-0829'!C4 -> Brito | D4: ='Agents'' Final Roster 0823-0829'!D4 -> Jesus Exequiel | Z4: ='Agents'' Final Roster 0823-0829'!Z4 -> CSV2
A5: ='Agents'' Final Roster 0823-0829'!A5 -> Campero Juarez Maria Guadalupe | B5: ='Agents'' Final Roster 0823-0829'!B5 -> Arias Juan José | C5: ='Agents'' Final Roster 0823-0829'!C5 -> Carabajal | D5: ='Agents'' Final Roster 0823-0829'!D5 -> Priscila Daiana | Z5: ='Agents'' Final Roster 0823-0829'!Z5 -> CSV3
A6: ='Agents'' Final Roster 0823-0829'!A6 -> Campero Juarez Maria Guadalupe | B6: ='Agents'' Final Roster 0823-0829'!B6 -> Arias Juan José | C6: ='Agents'' Final Roster 0823-0829'!C6 -> Casares | D6: ='Agents'' Final Roster 0823-0829'!D6 -> Diego Jesus | Z6: ='Agents'' Final Roster 0823-0829'!Z6 -> VIP
A7: ='Agents'' Final Roster 0823-0829'!A7 -> Campero Juarez Maria Guadalupe | B7: ='Agents'' Final Roster 0823-0829'!B7 -> Arias Juan José | C7: ='Agents'' Final Roster 0823-0829'!C7 -> Cisneros | D7: ='Agents'' Final Roster 0823-0829'!D7 -> Roxana Natalia | Z7: ='Agents'' Final Roster 0823-0829'!Z7 -> Servicios web
A8: ='Agents'' Final Roster 0823-0829'!A8 -> Campero Juarez Maria Guadalupe | B8: ='Agents'' Final Roster 0823-0829'!B8 -> Arias Juan José | C8: ='Agents'' Final Roster 0823-0829'!C8 -> Corbera | D8: ='Agents'' Final Roster 0823-0829'!D8 -> Elena Beatriz | Z8: ='Agents'' Final Roster 0823-0829'!Z8 -> CSV2
A9: ='Agents'' Final Roster 0823-0829'!A9 -> Perez Zitzke Agustina | B9: ='Agents'' Final Roster 0823-0829'!B9 -> Vazquez Valladares Eduardo Alejandro | C9: ='Agents'' Final Roster 0823-0829'!C9 -> Diaz | D9: ='Agents'' Final Roster 0823-0829'!D9 -> Fernando Gabriel | Z9: ='Agents'' Final Roster 0823-0829'!Z9 -> CSV2
A10: ='Agents'' Final Roster 0823-0829'!A10 -> Campero Juarez Maria Guadalupe | B10: ='Agents'' Final Roster 0823-0829'!B10 -> Arias Juan José | C10: ='Agents'' Final Roster 0823-0829'!C10 -> Escobar | D10: ='Agents'' Final Roster 0823-0829'!D10 -> Marcos Nahuel | Z10: ='Agents'' Final Roster 0823-0829'!Z10 -> CSV2
A11: ='Agents'' Final Roster 0823-0829'!A11 -> Campero Juarez Maria Guadalupe | B11: ='Agents'' Final Roster 0823-0829'!B11 -> Arias Juan José | C11: ='Agents'' Final Roster 0823-0829'!C11 -> Juarez | D11: ='Agents'' Final Roster 0823-0829'!D11 -> Carlos Luciano | Z11: ='Agents'' Final Roster 0823-0829'!Z11 -> CSV3
A12: ='Agents'' Final Roster 0823-0829'!A12 -> Campero Juarez Maria Guadalupe | B12: ='Agents'' Final Roster 0823-0829'!B12 -> Arias Juan José | C12: ='Agents'' Final Roster 0823-0829'!C12 -> Muratore | D12: ='Agents'' Final Roster 0823-0829'!D12 -> Daiana Gabriela | Z12: ='Agents'' Final Roster 0823-0829'!Z12 -> CSV2
A13: ='Agents'' Final Roster 0823-0829'!A13 -> Campero Juarez Maria Guadalupe | B13: ='Agents'' Final Roster 0823-0829'!B13 -> Arias Juan José | C13: ='Agents'' Final Roster 0823-0829'!C13 -> Nunez | D13: ='Agents'' Final Roster 0823-0829'!D13 -> Marcelo Nahuel | Z13: ='Agents'' Final Roster 0823-0829'!Z13 -> VIP
... A184: ='Agents'' Final Roster 0823-0829'!A184 -> Perez Zitzke Agustina | B184: ='Agents'' Final Roster 0823-0829'!B184 -> Villa Aleman Alejandro Roberto | C184: ='Agents'' Final Roster 0823-0829'!C184 -> Teves | D184: ='Agents'' Final Roster 0823-0829'!D184 -> Emiliano Gabriel | Z184: ='Agents'' Final Roster 0823-0829'!Z184 -> DVH
A185: ='Agents'' Final Roster 0823-0829'!#REF! -> #REF! | B185: ='Agents'' Final Roster 0823-0829'!#REF! -> #REF! | C185: ='Agents'' Final Roster 0823-0829'!#REF! -> #REF! | D185: ='Agents'' Final Roster 0823-0829'!#REF! -> #REF! | Z185: ='Agents'' Final Roster 0823-0829'!#REF! -> #REF!
A186: ='Agents'' Final Roster 0823-0829'!#REF! -> #REF! | B186: ='Agents'' Final Roster 0823-0829'!#REF! -> #REF! | C186: ='Agents'' Final Roster 0823-0829'!#REF! -> #REF! | D186: ='Agents'' Final Roster 0823-0829'!#REF! -> #REF! | Z186: ='Agents'' Final Roster 0823-0829'!#REF! -> #REF!
A187: ='Agents'' Final Roster 0823-0829'!#REF! -> #REF! | B187: ='Agents'' Final Roster 0823-0829'!#REF! -> #REF! | C187: ='Agents'' Final Roster 0823-0829'!#REF! -> #REF! | D187: ='Agents'' Final Roster 0823-0829'!#REF! -> #REF! | Z187: ='Agents'' Final Roster 0823-0829'!#REF! -> #REF!
A188: ='Agents'' Final Roster 0823-0829'!#REF! -> #REF! | B188: ='Agents'' Final Roster 0823-0829'!#REF! -> #REF! | C188: ='Agents'' Final Roster 0823-0829'!#REF! -> #REF! | D188: ='Agents'' Final Roster 0823-0829'!#REF! -> #REF! | Z188: ='Agents'' Final Roster 0823-0829'!#REF! -> #REF!
A189: ='Agents'' Final Roster 0823-0829'!#REF! -> #REF! | B189: ='Agents'' Final Roster 0823-0829'!#REF! -> #REF! | C189: ='Agents'' Final Roster 0823-0829'!#REF! -> #REF! | D189: ='Agents'' Final Roster 0823-0829'!#REF! -> #REF! | Z189: ='Agents'' Final Roster 0823-0829'!#REF! -> #REF!
A190: ='Agents'' Final Roster 0823-0829'!#REF! -> #REF! | B190: ='Agents'' Final Roster 0823-0829'!#REF! -> #REF! | C190: ='Agents'' Final Roster 0823-0829'!#REF! -> #REF! | D190: ='Agents'' Final Roster 0823-0829'!#REF! -> #REF! | Z190: ='Agents'' Final Roster 0823-0829'!#REF! -> #REF!
A191: ='Agents'' Final Roster 0823-0829'!#REF! -> #REF! | B191: ='Agents'' Final Roster 0823-0829'!#REF! -> #REF! | C191: ='Agents'' Final Roster 0823-0829'!#REF! -> #REF! | D191: ='Agents'' Final Roster 0823-0829'!#REF! -> #REF! | Z191: ='Agents'' Final Roster 0823-0829'!#REF! -> #REF!
A192: ='Agents'' Final Roster 0823-0829'!#REF! -> #REF! | B192: ='Agents'' Final Roster 0823-0829'!#REF! -> #REF! | C192: ='Agents'' Final Roster 0823-0829'!#REF! -> #REF! | D192: ='Agents'' Final Roster 0823-0829'!#REF! -> #REF! | Z192: ='Agents'' Final Roster 0823-0829'!#REF! -> #REF!
A193: ='Agents'' Final Roster 0823-0829'!#REF! -> #REF! | B193: ='Agents'' Final Roster 0823-0829'!#REF! -> #REF! | C193: ='Agents'' Final Roster 0823-0829'!#REF! -> #REF! | D193: ='Agents'' Final Roster 0823-0829'!#REF! -> #REF! | Z193: ='Agents'' Final Roster 0823-0829'!#REF! -> #REF!
A194: ='Agents'' Final Roster 0823-0829'!#REF! -> #REF! | B194: ='Agents'' Final Roster 0823-0829'!#REF! -> #REF! | C194: ='Agents'' Final Roster 0823-0829'!#REF! -> #REF! | D194: ='Agents'' Final Roster 0823-0829'!#REF! -> #REF! | Z194: ='Agents'' Final Roster 0823-0829'!#REF! -> #REF!
A195: ='Agents'' Final Roster 0823-0829'!#REF! -> #REF! | B195: ='Agents'' Final Roster 0823-0829'!#REF! -> #REF! | C195: ='Agents'' Final Roster 0823-0829'!#REF! -> #REF! | D195: ='Agents'' Final Roster 0823-0829'!#REF! -> #REF! | Z195: ='Agents'' Final Roster 0823-0829'!#REF! -> #REF!
A196: ='Agents'' Final Roster 0823-0829'!#REF! -> #REF! | B196: ='Agents'' Final Roster 0823-0829'!#REF! -> #REF! | C196: ='Agents'' Final Roster 0823-0829'!#REF! -> #REF! | D196: ='Agents'' Final Roster 0823-0829'!#REF! -> #REF! | Z196: ='Agents'' Final Roster 0823-0829'!#REF! -> #REF!
... A239: ='Agents'' Final Roster 0823-0829'!#REF! -> #REF! | B239: ='Agents'' Final Roster 0823-0829'!#REF! -> #REF! | C239: ='Agents'' Final Roster 0823-0829'!#REF! -> #REF! | D239: ='Agents'' Final Roster 0823-0829'!#REF! -> #REF! | Z239: ='Agents'' Final Roster 0823-0829'!#REF! -> #REF!
A240: ='Agents'' Final Roster 0823-0829'!A185 -> Campero Juarez Maria Guadalupe | B240: ='Agents'' Final Roster 0823-0829'!B185 -> Arias Juan José | C240: ='Agents'' Final Roster 0823-0829'!C185 -> Ale | D240: ='Agents'' Final Roster 0823-0829'!D185 -> Rocío Agustina | Z240: ='Agents'' Final Roster 0823-0829'!Z185 -> Servicios web
A241: ='Agents'' Final Roster 0823-0829'!A186 -> Campero Juarez Maria Guadalupe | B241: ='Agents'' Final Roster 0823-0829'!B186 -> Arias Juan José | C241: ='Agents'' Final Roster 0823-0829'!C186 -> Aragón | D241: ='Agents'' Final Roster 0823-0829'!D186 -> Maria Celeste | Z241: ='Agents'' Final Roster 0823-0829'!Z186 -> Compras Referidas
A242: ='Agents'' Final Roster 0823-0829'!A187 -> Campero Juarez Maria Guadalupe | B242: ='Agents'' Final Roster 0823-0829'!B187 -> Arias Juan José | C242: ='Agents'' Final Roster 0823-0829'!C187 -> Cejas | D242: ='Agents'' Final Roster 0823-0829'!D187 -> Ignacio Martin | Z242: ='Agents'' Final Roster 0823-0829'!Z187 -> Compras Referidas
A243: ='Agents'' Final Roster 0823-0829'!A188 -> Campero Juarez Maria Guadalupe | B243: ='Agents'' Final Roster 0823-0829'!B188 -> Arias Juan José | C243: ='Agents'' Final Roster 0823-0829'!C188 -> Quiroga | D243: ='Agents'' Final Roster 0823-0829'!D188 -> Marianella Stefania | Z243: ='Agents'' Final Roster 0823-0829'!Z188 -> Servicios web
A244: ='Agents'' Final Roster 0823-0829'!A189 -> Campero Juarez Maria Guadalupe | B244: ='Agents'' Final Roster 0823-0829'!B189 -> Corbera Susana Sofía | C244: ='Agents'' Final Roster 0823-0829'!C189 -> Pomo | D244: ='Agents'' Final Roster 0823-0829'!D189 -> Daniel Nicolas | Z244: ='Agents'' Final Roster 0823-0829'!Z189 -> Compras Referidas
A245: ='Agents'' Final Roster 0823-0829'!A190 -> Campero Juarez Maria Guadalupe | B245: ='Agents'' Final Roster 0823-0829'!B190 -> Corbera Susana Sofía | C245: ='Agents'' Final Roster 0823-0829'!C190 -> Soto | D245: ='Agents'' Final Roster 0823-0829'!D190 -> Fatima Belen | Z245: ='Agents'' Final Roster 0823-0829'!Z190 -> CSV2
A246: ='Agents'' Final Roster 0823-0829'!A191 -> Campero Juarez Maria Guadalupe | B246: ='Agents'' Final Roster 0823-0829'!B191 -> Criado Esteban | C246: ='Agents'' Final Roster 0823-0829'!C191 -> Formoselle | D246: ='Agents'' Final Roster 0823-0829'!D191 -> Ivana Veronica | Z246: ='Agents'' Final Roster 0823-0829'!Z191 -> Servicios web
A247: ='Agents'' Final Roster 0823-0829'!A192 -> Campero Juarez Maria Guadalupe | B247: ='Agents'' Final Roster 0823-0829'!B192 -> Criado Esteban | C247: ='Agents'' Final Roster 0823-0829'!C192 -> Giolito | D247: ='Agents'' Final Roster 0823-0829'!D192 -> Maira Elizabeth | Z247: ='Agents'' Final Roster 0823-0829'!Z192 -> DVH
A248: ='Agents'' Final Roster 0823-0829'!A193 -> Campero Juarez Maria Guadalupe | B248: ='Agents'' Final Roster 0823-0829'!B193 -> Criado Esteban | C248: ='Agents'' Final Roster 0823-0829'!C193 -> López | D248: ='Agents'' Final Roster 0823-0829'!D193 -> Matias Gonzalo | Z248: ='Agents'' Final Roster 0823-0829'!Z193 -> Compras Referidas
A249: ='Agents'' Final Roster 0823-0829'!A194 -> Campero Juarez Maria Guadalupe | B249: ='Agents'' Final Roster 0823-0829'!B194 -> Criado Esteban | C249: ='Agents'' Final Roster 0823-0829'!C194 -> Palavecino | D249: ='Agents'' Final Roster 0823-0829'!D194 -> Pablo Mauricio | Z249: ='Agents'' Final Roster 0823-0829'!Z194 -> Compras Referidas
A250: ='Agents'' Final Roster 0823-0829'!A195 -> Perez Zitzke Agustina | B250: ='Agents'' Final Roster 0823-0829'!B195 -> Vazquez Valladares Eduardo Alejandro | C250: ='Agents'' Final Roster 0823-0829'!C195 -> Coronel | D250: ='Agents'' Final Roster 0823-0829'!D195 -> José Benjamín | Z250: ='Agents'' Final Roster 0823-0829'!Z195 -> Servicios web
A251: ='Agents'' Final Roster 0823-0829'!A196 -> Campero Juarez Maria Guadalupe | B251: ='Agents'' Final Roster 0823-0829'!B196 -> Gregoratti Juan Carlos | C251: ='Agents'' Final Roster 0823-0829'!C196 -> Ferroni | D251: ='Agents'' Final Roster 0823-0829'!D196 -> Carlos Agustin | Z251: ='Agents'' Final Roster 0823-0829'!Z196 -> Compras Referidas
... A306: ='Agents'' Final Roster 0823-0829'!A251 -> Perez Zitzke Agustina | B306: ='Agents'' Final Roster 0823-0829'!B251 -> Ramallo Jose Emanuel | C306: ='Agents'' Final Roster 0823-0829'!C251 -> Prado | D306: ='Agents'' Final Roster 0823-0829'!D251 -> Maria de los Angeles | Z306: ='Agents'' Final Roster 0823-0829'!Z251 -> Compras Referidas
A307: ='Agents'' Final Roster 0823-0829'!#REF! -> #REF! | B307: ='Agents'' Final Roster 0823-0829'!#REF! -> #REF! | C307: ='Agents'' Final Roster 0823-0829'!#REF! -> #REF! | D307: ='Agents'' Final Roster 0823-0829'!#REF! -> #REF! | Z307: ='Agents'' Final Roster 0823-0829'!#REF! -> #REF!
A308: ='Agents'' Final Roster 0823-0829'!#REF! -> #REF! | B308: ='Agents'' Final Roster 0823-0829'!#REF! -> #REF! | C308: ='Agents'' Final Roster 0823-0829'!#REF! -> #REF! | D308: ='Agents'' Final Roster 0823-0829'!#REF! -> #REF! | Z308: ='Agents'' Final Roster 0823-0829'!#REF! -> #REF!
A309: ='Agents'' Final Roster 0823-0829'!A252 -> Perez Zitzke Agustina | B309: ='Agents'' Final Roster 0823-0829'!B252 -> Ramallo Jose Emanuel | C309: ='Agents'' Final Roster 0823-0829'!C252 -> Sevilla | D309: ='Agents'' Final Roster 0823-0829'!D252 -> Lourdes Florencia | Z309: ='Agents'' Final Roster 0823-0829'!Z252 -> CSV1
A310: ='Agents'' Final Roster 0823-0829'!A253 -> Perez Zitzke Agustina | B310: ='Agents'' Final Roster 0823-0829'!B253 -> Vazquez Valladares Eduardo Alejandro | C310: ='Agents'' Final Roster 0823-0829'!C253 -> Torres | D310: ='Agents'' Final Roster 0823-0829'!D253 -> Maria Jose | Z310: ='Agents'' Final Roster 0823-0829'!Z253 -> Compras Referidas
A311: ='Agents'' Final Roster 0823-0829'!A254 -> Perez Zitzke Agustina | B311: ='Agents'' Final Roster 0823-0829'!B254 -> Ramallo Jose Emanuel | C311: ='Agents'' Final Roster 0823-0829'!C254 -> Valenzuela | D311: ='Agents'' Final Roster 0823-0829'!D254 -> Gonzalo Rene | Z311: ='Agents'' Final Roster 0823-0829'!Z254 -> DVH
A312: ='Agents'' Final Roster 0823-0829'!A255 -> Perez Zitzke Agustina | B312: ='Agents'' Final Roster 0823-0829'!B255 -> Vazquez Valladares Eduardo Alejandro | C312: ='Agents'' Final Roster 0823-0829'!C255 -> Acosta | D312: ='Agents'' Final Roster 0823-0829'!D255 -> Gaston Exequiel | Z312: ='Agents'' Final Roster 0823-0829'!Z255 -> DVH
A313: ='Agents'' Final Roster 0823-0829'!A256 -> Perez Zitzke Agustina | B313: ='Agents'' Final Roster 0823-0829'!B256 -> Vazquez Valladares Eduardo Alejandro | C313: ='Agents'' Final Roster 0823-0829'!C256 -> Alvarez | D313: ='Agents'' Final Roster 0823-0829'!D256 -> Alejandra Liliana | Z313: ='Agents'' Final Roster 0823-0829'!Z256 -> Servicios web
A314: ='Agents'' Final Roster 0823-0829'!A257 -> Perez Zitzke Agustina | B314: ='Agents'' Final Roster 0823-0829'!B257 -> Vazquez Valladares Eduardo Alejandro | C314: ='Agents'' Final Roster 0823-0829'!C257 -> Alvarez | D314: ='Agents'' Final Roster 0823-0829'!D257 -> Lucas Gabriel | Z314: ='Agents'' Final Roster 0823-0829'!Z257 -> DVH
A315: ='Agents'' Final Roster 0823-0829'!A258 -> Perez Zitzke Agustina | B315: ='Agents'' Final Roster 0823-0829'!B258 -> Vazquez Valladares Eduardo Alejandro | C315: ='Agents'' Final Roster 0823-0829'!C258 -> Artaza | D315: ='Agents'' Final Roster 0823-0829'!D258 -> Milagro Ileana Maribel | Z315: ='Agents'' Final Roster 0823-0829'!Z258 -> Servicios web
A316: ='Agents'' Final Roster 0823-0829'!A259 -> Perez Zitzke Agustina | B316: ='Agents'' Final Roster 0823-0829'!B259 -> Vazquez Valladares Eduardo Alejandro | C316: ='Agents'' Final Roster 0823-0829'!C259 -> Caballero | D316: ='Agents'' Final Roster 0823-0829'!D259 -> Matias Nahuel | Z316: ='Agents'' Final Roster 0823-0829'!Z259 -> CSV2
A317: ='Agents'' Final Roster 0823-0829'!A260 -> Perez Zitzke Agustina | B317: ='Agents'' Final Roster 0823-0829'!B260 -> Vazquez Valladares Eduardo Alejandro | C317: ='Agents'' Final Roster 0823-0829'!C260 -> Castro del Sastre | D317: ='Agents'' Final Roster 0823-0829'!D260 -> Camila Belén | Z317: ='Agents'' Final Roster 0823-0829'!Z260 -> CSV1
A318: ='Agents'' Final Roster 0823-0829'!A261 -> Perez Zitzke Agustina | B318: ='Agents'' Final Roster 0823-0829'!B261 -> Vazquez Valladares Eduardo Alejandro | C318: ='Agents'' Final Roster 0823-0829'!C261 -> Cipolla | D318: ='Agents'' Final Roster 0823-0829'!D261 -> Naim | Z318: ='Agents'' Final Roster 0823-0829'!Z261 -> VIP
A319: ='Agents'' Final Roster 0823-0829'!A262 -> Perez Zitzke Agustina | B319: ='Agents'' Final Roster 0823-0829'!B262 -> Vazquez Valladares Eduardo Alejandro | C319: ='Agents'' Final Roster 0823-0829'!C262 -> Correa | D319: ='Agents'' Final Roster 0823-0829'!D262 -> Ana Gabriela | Z319: ='Agents'' Final Roster 0823-0829'!Z262 -> Servicios web
A320: ='Agents'' Final Roster 0823-0829'!A263 -> Perez Zitzke Agustina | B320: ='Agents'' Final Roster 0823-0829'!B263 -> Vazquez Valladares Eduardo Alejandro | C320: ='Agents'' Final Roster 0823-0829'!C263 -> Delgado | D320: ='Agents'' Final Roster 0823-0829'!D263 -> Alejandra Noemi | Z320: ='Agents'' Final Roster 0823-0829'!Z263 -> Servicios web
... A336: ='Agents'' Final Roster 0823-0829'!A279 -> Perez Zitzke Agustina | B336: ='Agents'' Final Roster 0823-0829'!B279 -> Villa Aleman Alejandro Roberto | C336: ='Agents'' Final Roster 0823-0829'!C279 -> Palavecino | D336: ='Agents'' Final Roster 0823-0829'!D279 -> Maria Laura | Z336: ='Agents'' Final Roster 0823-0829'!Z279 -> CSV1
A337: ='Agents'' Final Roster 0823-0829'!#REF! -> #REF! | B337: ='Agents'' Final Roster 0823-0829'!#REF! -> #REF! | C337: ='Agents'' Final Roster 0823-0829'!#REF! -> #REF! | D337: ='Agents'' Final Roster 0823-0829'!#REF! -> #REF! | Z337: ='Agents'' Final Roster 0823-0829'!#REF! -> #REF!
A338: ='Agents'' Final Roster 0823-0829'!#REF! -> #REF! | B338: ='Agents'' Final Roster 0823-0829'!#REF! -> #REF! | C338: ='Agents'' Final Roster 0823-0829'!#REF! -> #REF! | D338: ='Agents'' Final Roster 0823-0829'!#REF! -> #REF! | Z338: ='Agents'' Final Roster 0823-0829'!#REF! -> #REF!
A339: ='Agents'' Final Roster 0823-0829'!#REF! -> #REF! | B339: ='Agents'' Final Roster 0823-0829'!#REF! -> #REF! | C339: ='Agents'' Final Roster 0823-0829'!#REF! -> #REF! | D339: ='Agents'' Final Roster 0823-0829'!#REF! -> #REF! | Z339: ='Agents'' Final Roster 0823-0829'!#REF! -> #REF!
A340: ='Agents'' Final Roster 0823-0829'!#REF! -> #REF! | B340: ='Agents'' Final Roster 0823-0829'!#REF! -> #REF! | C340: ='Agents'' Final Roster 0823-0829'!#REF! -> #REF! | D340: ='Agents'' Final Roster 0823-0829'!#REF! -> #REF! | Z340: ='Agents'' Final Roster 0823-0829'!#REF! -> #REF!
A341: ='Agents'' Final Roster 0823-0829'!#REF! -> #REF! | B341: ='Agents'' Final Roster 0823-0829'!#REF! -> #REF! | C341: ='Agents'' Final Roster 0823-0829'!#REF! -> #REF! | D341: ='Agents'' Final Roster 0823-0829'!#REF! -> #REF! | Z341: ='Agents'' Final Roster 0823-0829'!#REF! -> #REF!
A342: ='Agents'' Final Roster 0823-0829'!#REF! -> #REF! | B342: ='Agents'' Final Roster 0823-0829'!#REF! -> #REF! | C342: ='Agents'' Final Roster 0823-0829'!#REF! -> #REF! | D342: ='Agents'' Final Roster 0823-0829'!#REF! -> #REF! | Z342: ='Agents'' Final Roster 0823-0829'!#REF! -> #REF!
A343: ='Agents'' Final Roster 0823-0829'!#REF! -> #REF! | B343: ='Agents'' Final Roster 0823-0829'!#REF! -> #REF! | C343: ='Agents'' Final Roster 0823-0829'!#REF! -> #REF! | D343: ='Agents'' Final Roster 0823-0829'!#REF! -> #REF! | Z343: ='Agents'' Final Roster 0823-0829'!#REF! -> #REF!
A344: ='Agents'' Final Roster 0823-0829'!A280 -> Perez Zitzke Agustina | B344: ='Agents'' Final Roster 0823-0829'!B280 -> Villa Aleman Alejandro Roberto | C344: ='Agents'' Final Roster 0823-0829'!C280 -> Parrado Quiroga | D344: ='Agents'' Final Roster 0823-0829'!D280 -> Gimena Marisol | Z344: ='Agents'' Final Roster 0823-0829'!Z280 -> Servicios web
A345: ='Agents'' Final Roster 0823-0829'!#REF! -> #REF! | B345: ='Agents'' Final Roster 0823-0829'!#REF! -> #REF! | C345: ='Agents'' Final Roster 0823-0829'!#REF! -> #REF! | D345: ='Agents'' Final Roster 0823-0829'!#REF! -> #REF! | Z345: ='Agents'' Final Roster 0823-0829'!#REF! -> #REF!
A346: ='Agents'' Final Roster 0823-0829'!#REF! -> #REF! | B346: ='Agents'' Final Roster 0823-0829'!#REF! -> #REF! | C346: ='Agents'' Final Roster 0823-0829'!#REF! -> #REF! | D346: ='Agents'' Final Roster 0823-0829'!#REF! -> #REF! | Z346: ='Agents'' Final Roster 0823-0829'!#REF! -> #REF!
A347: ='Agents'' Final Roster 0823-0829'!#REF! -> #REF! | B347: ='Agents'' Final Roster 0823-0829'!#REF! -> #REF! | C347: ='Agents'' Final Roster 0823-0829'!#REF! -> #REF! | D347: ='Agents'' Final Roster 0823-0829'!#REF! -> #REF! | Z347: ='Agents'' Final Roster 0823-0829'!#REF! -> #REF!
A348: ='Agents'' Final Roster 0823-0829'!#REF! -> #REF! | B348: ='Agents'' Final Roster 0823-0829'!#REF! -> #REF! | C348: ='Agents'' Final Roster 0823-0829'!#REF! -> #REF! | D348: ='Agents'' Final Roster 0823-0829'!#REF! -> #REF! | Z348: ='Agents'' Final Roster 0823-0829'!#REF! -> #REF!
A349: ='Agents'' Final Roster 0823-0829'!#REF! -> #REF! | B349: ='Agents'' Final Roster 0823-0829'!#REF! -> #REF! | C349: ='Agents'' Final Roster 0823-0829'!#REF! -> #REF! | D349: ='Agents'' Final Roster 0823-0829'!#REF! -> #REF! | Z349: ='Agents'' Final Roster 0823-0829'!#REF! -> #REF!
A350: ='Agents'' Final Roster 0823-0829'!A281 -> Perez Zitzke Agustina | B350: ='Agents'' Final Roster 0823-0829'!B281 -> Villa Aleman Alejandro Roberto | C350: ='Agents'' Final Roster 0823-0829'!C281 -> Salas | D350: ='Agents'' Final Roster 0823-0829'!D281 -> Romina Mercedes | Z350: ='Agents'' Final Roster 0823-0829'!Z281 -> CSV1
A351: ='Agents'' Final Roster 0823-0829'!A282 -> Perez Zitzke Agustina | B351: ='Agents'' Final Roster 0823-0829'!B282 -> Villa Aleman Alejandro Roberto | C351: ='Agents'' Final Roster 0823-0829'!C282 -> Sánchez | D351: ='Agents'' Final Roster 0823-0829'!D282 -> Pedro Alejandro | Z351: ='Agents'' Final Roster 0823-0829'!Z282 -> CSV1
A352: ='Agents'' Final Roster 0823-0829'!A283 -> Perez Zitzke Agustina | B352: ='Agents'' Final Roster 0823-0829'!B283 -> Ramallo Jose Emanuel | C352: ='Agents'' Final Roster 0823-0829'!C283 -> Soto | D352: ='Agents'' Final Roster 0823-0829'!D283 -> Eric Emanuel | Z352: ='Agents'' Final Roster 0823-0829'!Z283 -> CSV1
A353: ='Agents'' Final Roster 0823-0829'!A284 -> Perez Zitzke Agustina | B353: ='Agents'' Final Roster 0823-0829'!B284 -> Villa Aleman Alejandro Roberto | C353: ='Agents'' Final Roster 0823-0829'!C284 -> Trionfini | D353: ='Agents'' Final Roster 0823-0829'!D284 -> Monica Luciana | Z353: ='Agents'' Final Roster 0823-0829'!Z284 -> DVH
A354: ='Agents'' Final Roster 0823-0829'!A285 -> Ortiz Jose María | B354: ='Agents'' Final Roster 0823-0829'!B285 -> Silva Gabriel Alberto | C354: ='Agents'' Final Roster 0823-0829'!C285 -> Ballesteros | D354: ='Agents'' Final Roster 0823-0829'!D285 -> Gabriela Elizabeth | Z354: ='Agents'' Final Roster 0823-0829'!Z285 -> DVH
A355: ='Agents'' Final Roster 0823-0829'!A286 -> Ortiz Jose María | B355: ='Agents'' Final Roster 0823-0829'!B286 -> Silva Gabriel Alberto | C355: ='Agents'' Final Roster 0823-0829'!C286 -> Figueroa | D355: ='Agents'' Final Roster 0823-0829'!D286 -> Paula Cristina | Z355: ='Agents'' Final Roster 0823-0829'!Z286 -> DVH
A356: ='Agents'' Final Roster 0823-0829'!#REF! -> #REF! | B356: ='Agents'' Final Roster 0823-0829'!#REF! -> #REF! | C356: ='Agents'' Final Roster 0823-0829'!#REF! -> #REF! | D356: ='Agents'' Final Roster 0823-0829'!#REF! -> #REF! | Z356: ='Agents'' Final Roster 0823-0829'!#REF! -> #REF!
A357: ='Agents'' Final Roster 0823-0829'!#REF! -> #REF! | B357: ='Agents'' Final Roster 0823-0829'!#REF! -> #REF! | C357: ='Agents'' Final Roster 0823-0829'!#REF! -> #REF! | D357: ='Agents'' Final Roster 0823-0829'!#REF! -> #REF! | Z357: ='Agents'' Final Roster 0823-0829'!#REF! -> #REF!
A358: ='Agents'' Final Roster 0823-0829'!#REF! -> #REF! | B358: ='Agents'' Final Roster 0823-0829'!#REF! -> #REF! | C358: ='Agents'' Final Roster 0823-0829'!#REF! -> #REF! | D358: ='Agents'' Final Roster 0823-0829'!#REF! -> #REF! | Z358: ='Agents'' Final Roster 0823-0829'!#REF! -> #REF!
A359: ='Agents'' Final Roster 0823-0829'!A287 -> Ortiz Jose María | B359: ='Agents'' Final Roster 0823-0829'!B287 -> Silva Gabriel Alberto | C359: ='Agents'' Final Roster 0823-0829'!C287 -> Pacheco | D359: ='Agents'' Final Roster 0823-0829'!D287 -> Florencia Agostina | Z359: ='Agents'' Final Roster 0823-0829'!Z287 -> DVH
A360: ='Agents'' Final Roster 0823-0829'!A288 -> Ortiz Jose María | B360: ='Agents'' Final Roster 0823-0829'!B288 -> Silva Gabriel Alberto | C360: ='Agents'' Final Roster 0823-0829'!C288 -> Aramayo | D360: ='Agents'' Final Roster 0823-0829'!D288 -> Fihama Loreley | Z360: ='Agents'' Final Roster 0823-0829'!Z288 -> DVH
A361: ='Agents'' Final Roster 0823-0829'!A289 -> Ortiz Jose María | B361: ='Agents'' Final Roster 0823-0829'!B289 -> Silva Gabriel Alberto | C361: ='Agents'' Final Roster 0823-0829'!C289 -> Rayó | D361: ='Agents'' Final Roster 0823-0829'!D289 -> Rodrigo Exequiel | Z361: ='Agents'' Final Roster 0823-0829'!Z289 -> DVH
A362: ='Agents'' Final Roster 0823-0829'!A290 -> Campero Juarez Maria Guadalupe | B362: ='Agents'' Final Roster 0823-0829'!B290 -> Bachur Karim | C362: ='Agents'' Final Roster 0823-0829'!C290 -> Mercado | D362: ='Agents'' Final Roster 0823-0829'!D290 -> Mikaela Sabrina | Z362: ='Agents'' Final Roster 0823-0829'!Z290 -> DVH
A363: ='Agents'' Final Roster 0823-0829'!A291 -> Campero Juarez Maria Guadalupe | B363: ='Agents'' Final Roster 0823-0829'!B291 -> Bachur Karim | C363: ='Agents'' Final Roster 0823-0829'!C291 -> Terriaca Lemme | D363: ='Agents'' Final Roster 0823-0829'!D291 -> Flavia Solaina | Z363: ='Agents'' Final Roster 0823-0829'!Z291 -> DVH
A364: ='Agents'' Final Roster 0823-0829'!A292 -> Campero Juarez Maria Guadalupe | B364: ='Agents'' Final Roster 0823-0829'!B292 -> Bachur Karim | C364: ='Agents'' Final Roster 0823-0829'!C292 -> Ucciardello | D364: ='Agents'' Final Roster 0823-0829'!D292 -> Luciana Daniza | Z364: ='Agents'' Final Roster 0823-0829'!Z292 -> DVH
A365: ='Agents'' Final Roster 0823-0829'!A293 -> Campero Juarez Maria Guadalupe | B365: ='Agents'' Final Roster 0823-0829'!B293 -> Bachur Karim | C365: ='Agents'' Final Roster 0823-0829'!C293 -> Dilascio | D365: ='Agents'' Final Roster 0823-0829'!D293 -> Miguel Angel | Z365: ='Agents'' Final Roster 0823-0829'!Z293 -> DVH
A366: ='Agents'' Final Roster 0823-0829'!A294 -> Campero Juarez Maria Guadalupe | B366: ='Agents'' Final Roster 0823-0829'!B294 -> Bachur Karim | C366: ='Agents'' Final Roster 0823-0829'!C294 -> Rodríguez | D366: ='Agents'' Final Roster 0823-0829'!D294 -> Brenda Agostina | Z366: ='Agents'' Final Roster 0823-0829'!Z294 -> DVH
A367: ='Agents'' Final Roster 0823-0829'!A295 -> Campero Juarez Maria Guadalupe | B367: ='Agents'' Final Roster 0823-0829'!B295 -> Bachur Karim | C367: ='Agents'' Final Roster 0823-0829'!C295 -> Montaldo | D367: ='Agents'' Final Roster 0823-0829'!D295 -> Sol Agustina | Z367: ='Agents'' Final Roster 0823-0829'!Z295 -> DVH
A368: ='Agents'' Final Roster 0823-0829'!A296 -> Campero Juarez Maria Guadalupe | B368: ='Agents'' Final Roster 0823-0829'!B296 -> Bachur Karim | C368: ='Agents'' Final Roster 0823-0829'!C296 -> Yanelli | D368: ='Agents'' Final Roster 0823-0829'!D296 -> Aníbal Hector Francisco | Z368: ='Agents'' Final Roster 0823-0829'!Z296 -> DVH
A369: ='Agents'' Final Roster 0823-0829'!A297 -> Campero Juarez Maria Guadalupe | B369: ='Agents'' Final Roster 0823-0829'!B297 -> Bachur Karim | C369: ='Agents'' Final Roster 0823-0829'!C297 -> Pascual | D369: ='Agents'' Final Roster 0823-0829'!D297 -> Silvio Daniel | Z369: ='Agents'' Final Roster 0823-0829'!Z297 -> DVH
A370: ='Agents'' Final Roster 0823-0829'!A298 -> Campero Juarez Maria Guadalupe | B370: ='Agents'' Final Roster 0823-0829'!B298 -> Bachur Karim | C370: ='Agents'' Final Roster 0823-0829'!C298 -> Contreras | D370: ='Agents'' Final Roster 0823-0829'!D298 -> Fernando Gonzalo | Z370: ='Agents'' Final Roster 0823-0829'!Z298 -> DVH
... A401: ='Agents'' Final Roster 0823-0829'!A329 -> Perez Zitzke Agustina | B401: ='Agents'' Final Roster 0823-0829'!B329 -> Albornoz Miguel | C401: ='Agents'' Final Roster 0823-0829'!C329 -> Villalba | D401: ='Agents'' Final Roster 0823-0829'!D329 -> Rocío Micaela | Z401: ='Agents'' Final Roster 0823-0829'!Z329 -> DVH
A402: ='Agents'' Final Roster 0823-0829'!#REF! -> #REF! | B402: ='Agents'' Final Roster 0823-0829'!#REF! -> #REF! | C402: ='Agents'' Final Roster 0823-0829'!#REF! -> #REF! | D402: ='Agents'' Final Roster 0823-0829'!#REF! -> #REF! | Z402: ='Agents'' Final Roster 0823-0829'!#REF! -> #REF!
A403: ='Agents'' Final Roster 0823-0829'!#REF! -> #REF! | B403: ='Agents'' Final Roster 0823-0829'!#REF! -> #REF! | C403: ='Agents'' Final Roster 0823-0829'!#REF! -> #REF! | D403: ='Agents'' Final Roster 0823-0829'!#REF! -> #REF! | Z403: ='Agents'' Final Roster 0823-0829'!#REF! -> #REF!
A404: ='Agents'' Final Roster 0823-0829'!#REF! -> #REF! | B404: ='Agents'' Final Roster 0823-0829'!#REF! -> #REF! | C404: ='Agents'' Final Roster 0823-0829'!#REF! -> #REF! | D404: ='Agents'' Final Roster 0823-0829'!#REF! -> #REF! | Z404: ='Agents'' Final Roster 0823-0829'!#REF! -> #REF!
A405: ='Agents'' Final Roster 0823-0829'!#REF! -> #REF! | B405: ='Agents'' Final Roster 0823-0829'!#REF! -> #REF! | C405: ='Agents'' Final Roster 0823-0829'!#REF! -> #REF! | D405: ='Agents'' Final Roster 0823-0829'!#REF! -> #REF! | Z405: ='Agents'' Final Roster 0823-0829'!#REF! -> #REF!
A406: ='Agents'' Final Roster 0823-0829'!A330 -> 0 | B406: ='Agents'' Final Roster 0823-0829'!B330 -> 0 | C406: ='Agents'' Final Roster 0823-0829'!C330 -> 0 | D406: ='Agents'' Final Roster 0823-0829'!D330 -> 0 | Z406: ='Agents'' Final Roster 0823-0829'!Z330 -> 0
A407: ='Agents'' Final Roster 0823-0829'!A331 -> 0 | B407: ='Agents'' Final Roster 0823-0829'!B331 -> 0 | C407: ='Agents'' Final Roster 0823-0829'!C331 -> 0 | D407: ='Agents'' Final Roster 0823-0829'!D331 -> 0 | Z407: ='Agents'' Final Roster 0823-0829'!Z331 -> 0
A408: ='Agents'' Final Roster 0823-0829'!A332 -> 0 | B408: ='Agents'' Final Roster 0823-0829'!B332 -> 0 | C408: ='Agents'' Final Roster 0823-0829'!C332 -> 0 | D408: ='Agents'' Final Roster 0823-0829'!D332 -> 0 | Z408: ='Agents'' Final Roster 0823-0829'!Z332 -> 0
A409: ='Agents'' Final Roster 0823-0829'!A333 -> 0 | B409: ='Agents'' Final Roster 0823-0829'!B333 -> 0 | C409: ='Agents'' Final Roster 0823-0829'!C333 -> 0 | D409: ='Agents'' Final Roster 0823-0829'!D333 -> 0 | Z409: ='Agents'' Final Roster 0823-0829'!Z333 -> 0
A410: ='Agents'' Final Roster 0823-0829'!A334 -> 0 | B410: ='Agents'' Final Roster 0823-0829'!B334 -> 0 | C410: ='Agents'' Final Roster 0823-0829'!C334 -> 0 | D410: ='Agents'' Final Roster 0823-0829'!D334 -> 0 | Z410: ='Agents'' Final Roster 0823-0829'!Z334 -> 0
A411: ='Agents'' Final Roster 0823-0829'!A335 -> 0 | B411: ='Agents'' Final Roster 0823-0829'!B335 -> 0 | C411: ='Agents'' Final Roster 0823-0829'!C335 -> 0 | D411: ='Agents'' Final Roster 0823-0829'!D335 -> 0 | Z411: ='Agents'' Final Roster 0823-0829'!Z335 -> 0
...

Sheet Sups
A1: ACM | B1: Supervisor | C1: Sunday | D1: Monday | E1: Tuesday | F1: Wednesday | G1: Thrusday | H1: Friday | I1: Saturday | J1: Legajo | K1: CCMSID | L1: Legajo Telecom | M1: LOB
A2: ='Sups'' Final Roster 0823-0829'!A2 -> Campero Juarez Maria Guadalupe | B2: ='Sups'' Final Roster 0823-0829'!B2 -> Arias Juan José
A3: ='Sups'' Final Roster 0823-0829'!A3 -> Campero Juarez Maria Guadalupe | B3: ='Sups'' Final Roster 0823-0829'!B3 -> Corbera Susana Sofía
A4: ='Sups'' Final Roster 0823-0829'!A4 -> Campero Juarez Maria Guadalupe | B4: ='Sups'' Final Roster 0823-0829'!B4 -> Podazza Villagra Daniel Matias
A5: ='Sups'' Final Roster 0823-0829'!A5 -> Campero Juarez Maria Guadalupe | B5: ='Sups'' Final Roster 0823-0829'!B5 -> Gregoratti Juan Carlos
A6: ='Sups'' Final Roster 0823-0829'!A6 -> Pérez Zitzke Agustina | B6: ='Sups'' Final Roster 0823-0829'!B6 -> Vazquez Valladares Eduardo Alejandro
A7: ='Sups'' Final Roster 0823-0829'!A7 -> Pérez Zitzke Agustina | B7: ='Sups'' Final Roster 0823-0829'!B7 -> Ramallo Jose Emanuel
A8: ='Sups'' Final Roster 0823-0829'!A8 -> Campero Juarez Maria Guadalupe | B8: ='Sups'' Final Roster 0823-0829'!B8 -> Criado Esteban
A9: ='Sups'' Final Roster 0823-0829'!A10 -> Pérez Zitzke Agustina | B9: ='Sups'' Final Roster 0823-0829'!B10 -> Villa Aleman Alejandro Roberto
A10: ='Sups'' Final Roster 0823-0829'!A11 -> Ortiz Jose María | B10: ='Sups'' Final Roster 0823-0829'!B11 -> Brandan Ernesto Alejandro
A11: ='Sups'' Final Roster 0823-0829'!A12 -> Ortiz Jose María | B11: ='Sups'' Final Roster 0823-0829'!B12 -> Britos Fernando José
A12: ='Sups'' Final Roster 0823-0829'!#REF! -> #REF! | B12: ='Sups'' Final Roster 0823-0829'!#REF! -> #REF!
A13: ='Sups'' Final Roster 0823-0829'!#REF! -> #REF! | B13: ='Sups'' Final Roster 0823-0829'!#REF! -> #REF!
A14: ='Sups'' Final Roster 0823-0829'!#REF! -> #REF! | B14: ='Sups'' Final Roster 0823-0829'!#REF! -> #REF!
A15: ='Sups'' Final Roster 0823-0829'!#REF! -> #REF! | B15: ='Sups'' Final Roster 0823-0829'!#REF! -> #REF!
A16: ='Sups'' Final Roster 0823-0829'!#REF! -> #REF! | B16: ='Sups'' Final Roster 0823-0829'!#REF! -> #REF!
A17: ='Sups'' Final Roster 0823-0829'!#REF! -> #REF! | B17: ='Sups'' Final Roster 0823-0829'!#REF! -> #REF!
A18: ='Sups'' Final Roster 0823-0829'!#REF! -> #REF! | B18: ='Sups'' Final Roster 0823-0829'!#REF! -> #REF!
A19: ='Sups'' Final Roster 0823-0829'!#REF! -> #REF! | B19: ='Sups'' Final Roster 0823-0829'!#REF! -> #REF!
A20: ='Sups'' Final Roster 0823-0829'!#REF! -> #REF! | B20: ='Sups'' Final Roster 0823-0829'!#REF! -> #REF!
A21: ='Sups'' Final Roster 0823-0829'!#REF! -> #REF! | B21: ='Sups'' Final Roster 0823-0829'!#REF! -> #REF!
A22: ='Sups'' Final Roster 0823-0829'!#REF! -> #REF! | B22: ='Sups'' Final Roster 0823-0829'!#REF! -> #REF!
A23: ='Sups'' Final Roster 0823-0829'!#REF! -> #REF! | B23: ='Sups'' Final Roster 0823-0829'!#REF! -> #REF!
A24: ='Sups'' Final Roster 0823-0829'!A13 -> Ortiz Jose María | B24: ='Sups'' Final Roster 0823-0829'!B13 -> Esquivel Pavan Pamela Sol
A25: ='Sups'' Final Roster 0823-0829'!A14 -> Ortiz Jose María | B25: ='Sups'' Final Roster 0823-0829'!B14 -> Gerez Andrea Soledad
A26: ='Sups'' Final Roster 0823-0829'!#REF! -> #REF! | B26: ='Sups'' Final Roster 0823-0829'!#REF! -> #REF!
A27: ='Sups'' Final Roster 0823-0829'!#REF! -> #REF! | B27: ='Sups'' Final Roster 0823-0829'!#REF! -> #REF!
A28: ='Sups'' Final Roster 0823-0829'!#REF! -> #REF! | B28: ='Sups'' Final Roster 0823-0829'!#REF! -> #REF!
A29: ='Sups'' Final Roster 0823-0829'!#REF! -> #REF! | B29: ='Sups'' Final Roster 0823-0829'!#REF! -> #REF!
A30: ='Sups'' Final Roster 0823-0829'!#REF! -> #REF! | B30: ='Sups'' Final Roster 0823-0829'!#REF! -> #REF!
A31: ='Sups'' Final Roster 0823-0829'!#REF! -> #REF! | B31: ='Sups'' Final Roster 0823-0829'!#REF! -> #REF!
A32: ='Sups'' Final Roster 0823-0829'!#REF! -> #REF! | B32: ='Sups'' Final Roster 0823-0829'!#REF! -> #REF!
A33: ='Sups'' Final Roster 0823-0829'!#REF! -> #REF! | B33: ='Sups'' Final Roster 0823-0829'!#REF! -> #REF!
A34: ='Sups'' Final Roster 0823-0829'!#REF! -> #REF! | B34: ='Sups'' Final Roster 0823-0829'!#REF! -> #REF!
A35: ='Sups'' Final Roster 0823-0829'!#REF! -> #REF! | B35: ='Sups'' Final Roster 0823-0829'!#REF! -> #REF!
A36: ='Sups'' Final Roster 0823-0829'!#REF! -> #REF! | B36: ='Sups'' Final Roster 0823-0829'!#REF! -> #REF!
A37: ='Sups'' Final Roster 0823-0829'!#REF! -> #REF! | B37: ='Sups'' Final Roster 0823-0829'!#REF! -> #REF!
... A43: ='Sups'' Final Roster 0823-0829'!#REF! -> #REF! | B43: ='Sups'' Final Roster 0823-0829'!#REF! -> #REF!
A44: ='Sups'' Final Roster 0823-0829'!A15 -> Pérez Zitzke Agustina | B44: ='Sups'' Final Roster 0823-0829'!B15 -> Grimaldi Agustina Sofía
A45: ='Sups'' Final Roster 0823-0829'!A16 -> Pérez Zitzke Agustina | B45: ='Sups'' Final Roster 0823-0829'!B16 -> Palomino Juan Pablo
A46: ='Sups'' Final Roster 0823-0829'!#REF! -> #REF! | B46: ='Sups'' Final Roster 0823-0829'!#REF! -> #REF!
A47: ='Sups'' Final Roster 0823-0829'!#REF! -> #REF! | B47: ='Sups'' Final Roster 0823-0829'!#REF! -> #REF!
A48: ='Sups'' Final Roster 0823-0829'!#REF! -> #REF! | B48: ='Sups'' Final Roster 0823-0829'!#REF! -> #REF!
A49: ='Sups'' Final Roster 0823-0829'!#REF! -> #REF! | B49: ='Sups'' Final Roster 0823-0829'!#REF! -> #REF!
A50: ='Sups'' Final Roster 0823-0829'!A17 -> Campero Juarez Maria Guadalupe | B50: ='Sups'' Final Roster 0823-0829'!B17 -> Bachur Karim
A51: ='Sups'' Final Roster 0823-0829'!A18 -> Campero Juarez Maria Guadalupe | B51: ='Sups'' Final Roster 0823-0829'!B18 -> Mendoza Norma Mercedes
A52: ='Sups'' Final Roster 0823-0829'!A19 -> Pérez Zitzke Agustina | B52: ='Sups'' Final Roster 0823-0829'!B19 -> Albornoz Miguel
A53: ='Sups'' Final Roster 0823-0829'!A20 -> Ortiz Jose María | B53: ='Sups'' Final Roster 0823-0829'!B20 -> Silva Gabriel Alberto
A54: ='Sups'' Final Roster 0823-0829'!A21 -> 0 | B54: ='Sups'' Final Roster 0823-0829'!B21 -> 0
A55: ='Sups'' Final Roster 0823-0829'!A22 -> 0 | B55: ='Sups'' Final Roster 0823-0829'!B22 -> 0
A56: ='Sups'' Final Roster 0823-0829'!A23 -> 0 | B56: ='Sups'' Final Roster 0823-0829'!B23 -> 0

Sheet Resumen
G1: h
B2: Lob | C2: Nomina | D2: LOAs | E2: %
B3: Front | C3: =+COUNTIF(Agents!$Z$2:$Z$149,Resumen!B3) -> 0 | D3: =+SUMIF(Agents!$Z$2:$Z$149,Resumen!B3,Agents!$AP$2:$AP$149) -> 0 | E3: =D3/C3 -> #DIV/0!
B4: Retención Móvil | C4: =+COUNTIF(Agents!$Z$2:$Z$149,Resumen!B4) -> 0 | D4: =+SUMIF(Agents!$Z$2:$Z$149,Resumen!B4,Agents!$AP$2:$AP$149) -> 0 | E4: =D4/C4 -> #DIV/0!
B5: Downselling | C5: =+COUNTIF(Agents!$Z$2:$Z$149,Resumen!B5) -> 0 | D5: =+SUMIF(Agents!$Z$2:$Z$149,Resumen!B5,Agents!$AP$2:$AP$149) -> 0 | E5: =D5/C5 -> #DIV/0!
B6: Retención Red Preferida | C6: =+COUNTIF(Agents!$Z$2:$Z$149,Resumen!B6) -> 0 | D6: =+SUMIF(Agents!$Z$2:$Z$149,Resumen!B6,Agents!$AP$2:$AP$149) -> 0 | E6: =D6/C6 -> #DIV/0!
B7: Total | C7: =SUM(C3:C6) -> 0 | D7: =SUM(D3:D6) -> 0 | E7: =D7/C7 -> #DIV/0!
B9: Front
C11: Sunday | D11: Monday | E11: Tuesday | F11: Wednesday | G11: Thrusday | H11: Friday | I11: Saturday
B12: HC Total Inbound | C12: =+COUNTIF(Agents!$Z$2:$Z$149,Resumen!B3) -> 0 | D12: =+C12 -> 0 | E12: =+D12 -> 0 | F12: =+E12 -> 0 | G12: =+F12 -> 0 | H12: =+G12 -> 0 | I12: =+H12 -> 0
B13: Approved OFF | C13: =+COUNTIFS(Agents!E$2:E$149,Resumen!$B13,Agents!$Z$2:$Z$149,Resumen!$B$3) -> 0 | D13: =+COUNTIFS(Agents!F$2:F$149,Resumen!$B13,Agents!$Z$2:$Z$149,Resumen!$B$3) -> 0 | E13: =+COUNTIFS(Agents!G$2:G$149,Resumen!$B13,Agents!$Z$2:$Z$149,Resumen!$B$3) -> 0 | F13: =+COUNTIFS(Agents!H$2:H$149,Resumen!$B13,Agents!$Z$2:$Z$149,Resumen!$B$3) -> 0 | G13: =+COUNTIFS(Agents!I$2:I$149,Resumen!$B13,Agents!$Z$2:$Z$149,Resumen!$B$3) -> 0 | H13: =+COUNTIFS(Agents!J$2:J$149,Resumen!$B13,Agents!$Z$2:$Z$149,Resumen!$B$3) -> 0 | I13: =+COUNTIFS(Agents!K$2:K$149,Resumen!$B13,Agents!$Z$2:$Z$149,Resumen!$B$3) -> 0
B14: LOA | C14: =+COUNTIFS(Agents!E$2:E$149,Resumen!$B14,Agents!$Z$2:$Z$149,Resumen!$B$3) -> 0 | D14: =+COUNTIFS(Agents!F$2:F$149,Resumen!$B14,Agents!$Z$2:$Z$149,Resumen!$B$3) -> 0 | E14: =+COUNTIFS(Agents!G$2:G$149,Resumen!$B14,Agents!$Z$2:$Z$149,Resumen!$B$3) -> 0 | F14: =+COUNTIFS(Agents!H$2:H$149,Resumen!$B14,Agents!$Z$2:$Z$149,Resumen!$B$3) -> 0 | G14: =+COUNTIFS(Agents!I$2:I$149,Resumen!$B14,Agents!$Z$2:$Z$149,Resumen!$B$3) -> 0 | H14: =+COUNTIFS(Agents!J$2:J$149,Resumen!$B14,Agents!$Z$2:$Z$149,Resumen!$B$3) -> 0 | I14: =+COUNTIFS(Agents!K$2:K$149,Resumen!$B14,Agents!$Z$2:$Z$149,Resumen!$B$3) -> 0
B15: OFF | C15: =+COUNTIFS(Agents!E$2:E$149,Resumen!$B15,Agents!$Z$2:$Z$149,Resumen!$B$3) -> 0 | D15: =+COUNTIFS(Agents!F$2:F$149,Resumen!$B15,Agents!$Z$2:$Z$149,Resumen!$B$3) -> 0 | E15: =+COUNTIFS(Agents!G$2:G$149,Resumen!$B15,Agents!$Z$2:$Z$149,Resumen!$B$3) -> 0 | F15: =+COUNTIFS(Agents!H$2:H$149,Resumen!$B15,Agents!$Z$2:$Z$149,Resumen!$B$3) -> 0 | G15: =+COUNTIFS(Agents!I$2:I$149,Resumen!$B15,Agents!$Z$2:$Z$149,Resumen!$B$3) -> 0 | H15: =+COUNTIFS(Agents!J$2:J$149,Resumen!$B15,Agents!$Z$2:$Z$149,Resumen!$B$3) -> 0 | I15: =+COUNTIFS(Agents!K$2:K$149,Resumen!$B15,Agents!$Z$2:$Z$149,Resumen!$B$3) -> 0
B16: Study Day | C16: =+COUNTIFS(Agents!E$2:E$149,Resumen!$B16,Agents!$Z$2:$Z$149,Resumen!$B$3) -> 0 | D16: =+COUNTIFS(Agents!F$2:F$149,Resumen!$B16,Agents!$Z$2:$Z$149,Resumen!$B$3) -> 0 | E16: =+COUNTIFS(Agents!G$2:G$149,Resumen!$B16,Agents!$Z$2:$Z$149,Resumen!$B$3) -> 0 | F16: =+COUNTIFS(Agents!H$2:H$149,Resumen!$B16,Agents!$Z$2:$Z$149,Resumen!$B$3) -> 0 | G16: =+COUNTIFS(Agents!I$2:I$149,Resumen!$B16,Agents!$Z$2:$Z$149,Resumen!$B$3) -> 0 | H16: =+COUNTIFS(Agents!J$2:J$149,Resumen!$B16,Agents!$Z$2:$Z$149,Resumen!$B$3) -> 0 | I16: =+COUNTIFS(Agents!K$2:K$149,Resumen!$B16,Agents!$Z$2:$Z$149,Resumen!$B$3) -> 0
B17: VAC | C17: =+COUNTIFS(Agents!E$2:E$149,Resumen!$B17,Agents!$Z$2:$Z$149,Resumen!$B$3) -> 0 | D17: =+COUNTIFS(Agents!F$2:F$149,Resumen!$B17,Agents!$Z$2:$Z$149,Resumen!$B$3) -> 0 | E17: =+COUNTIFS(Agents!G$2:G$149,Resumen!$B17,Agents!$Z$2:$Z$149,Resumen!$B$3) -> 0 | F17: =+COUNTIFS(Agents!H$2:H$149,Resumen!$B17,Agents!$Z$2:$Z$149,Resumen!$B$3) -> 0 | G17: =+COUNTIFS(Agents!I$2:I$149,Resumen!$B17,Agents!$Z$2:$Z$149,Resumen!$B$3) -> 0 | H17: =+COUNTIFS(Agents!J$2:J$149,Resumen!$B17,Agents!$Z$2:$Z$149,Resumen!$B$3) -> 0 | I17: =+COUNTIFS(Agents!K$2:K$149,Resumen!$B17,Agents!$Z$2:$Z$149,Resumen!$B$3) -> 0
B18: SUS | C18: =+COUNTIFS(Agents!E$2:E$149,Resumen!$B18,Agents!$Z$2:$Z$149,Resumen!$B$3) -> 0 | D18: =+COUNTIFS(Agents!F$2:F$149,Resumen!$B18,Agents!$Z$2:$Z$149,Resumen!$B$3) -> 0 | E18: =+COUNTIFS(Agents!G$2:G$149,Resumen!$B18,Agents!$Z$2:$Z$149,Resumen!$B$3) -> 0 | F18: =+COUNTIFS(Agents!H$2:H$149,Resumen!$B18,Agents!$Z$2:$Z$149,Resumen!$B$3) -> 0 | G18: =+COUNTIFS(Agents!I$2:I$149,Resumen!$B18,Agents!$Z$2:$Z$149,Resumen!$B$3) -> 0 | H18: =+COUNTIFS(Agents!J$2:J$149,Resumen!$B18,Agents!$Z$2:$Z$149,Resumen!$B$3) -> 0 | I18: =+COUNTIFS(Agents!K$2:K$149,Resumen!$B18,Agents!$Z$2:$Z$149,Resumen!$B$3) -> 0
B19: HC Bis | C19: =+C12-SUM(C13:C18) -> 0 | D19: =+D12-SUM(D13:D18) -> 0 | E19: =+E12-SUM(E13:E18) -> 0 | F19: =+F12-SUM(F13:F18) -> 0 | G19: =+G12-SUM(G13:G18) -> 0 | H19: =+H12-SUM(H13:H18) -> 0 | I19: =+I12-SUM(I13:I18) -> 0
B20: HC Total Inbound Neto | C20: =+C12-C15-C13 -> 0 | D20: =+D12-D15-D13 -> 0 | E20: =+E12-E15-E13 -> 0 | F20: =+F12-F15-F13 -> 0 | G20: =+G12-G15-G13 -> 0 | H20: =+H12-H15-H13 -> 0 | I20: =+I12-I15-I13 -> 0
C22: =+C11 -> Sunday | D22: =+D11 -> Monday | E22: =+E11 -> Tuesday | F22: =+F11 -> Wednesday | G22: =+G11 -> Thrusday | H22: =+H11 -> Friday | I22: =+I11 -> Saturday
B23: Hs, Total Inbound | C23: =+SUMIF(Agents!$Z$2:$Z$149,Resumen!$B$3,Agents!O$2:O$149) -> 0 | D23: =+SUMIF(Agents!$Z$2:$Z$149,Resumen!$B$3,Agents!P$2:P$149) -> 0 | E23: =+SUMIF(Agents!$Z$2:$Z$149,Resumen!$B$3,Agents!Q$2:Q$149) -> 0 | F23: =+SUMIF(Agents!$Z$2:$Z$149,Resumen!$B$3,Agents!R$2:R$149) -> 0 | G23: =+SUMIF(Agents!$Z$2:$Z$149,Resumen!$B$3,Agents!S$2:S$149) -> 0 | H23: =+SUMIF(Agents!$Z$2:$Z$149,Resumen!$B$3,Agents!T$2:T$149) -> 0 | I23: =+SUMIF(Agents!$Z$2:$Z$149,Resumen!$B$3,Agents!U$2:U$149) -> 0
B24: Shift Avg. | C24: =IFERROR(C23/C19,0) -> 0 | D24: =IFERROR(D23/D19,0) -> 0 | E24: =IFERROR(E23/E19,0) -> 0 | F24: =IFERROR(F23/F19,0) -> 0 | G24: =IFERROR(G23/G19,0) -> 0 | H24: =IFERROR(H23/H19,0) -> 0 | I24: =IFERROR(I23/I19,0) -> 0
B26: Retención Móvil
C28: Sunday | D28: Monday | E28: Tuesday | F28: Wednesday | G28: Thrusday | H28: Friday | I28: Saturday
B29: HC Total Inbound | C29: =+COUNTIF(Agents!$Z$2:$Z$149,Resumen!B4) -> 0 | D29: =+C29 -> 0 | E29: =+D29 -> 0 | F29: =+E29 -> 0 | G29: =+F29 -> 0 | H29: =+G29 -> 0 | I29: =+H29 -> 0
B30: Approved OFF | C30: =+COUNTIFS(Agents!E$2:E$149,Resumen!$B30,Agents!$Z$2:$Z$149,Resumen!$B$4) -> 0 | D30: =+COUNTIFS(Agents!F$2:F$149,Resumen!$B30,Agents!$Z$2:$Z$149,Resumen!$B$4) -> 0 | E30: =+COUNTIFS(Agents!G$2:G$149,Resumen!$B30,Agents!$Z$2:$Z$149,Resumen!$B$4) -> 0 | F30: =+COUNTIFS(Agents!H$2:H$149,Resumen!$B30,Agents!$Z$2:$Z$149,Resumen!$B$4) -> 0 | G30: =+COUNTIFS(Agents!I$2:I$149,Resumen!$B30,Agents!$Z$2:$Z$149,Resumen!$B$4) -> 0 | H30: =+COUNTIFS(Agents!J$2:J$149,Resumen!$B30,Agents!$Z$2:$Z$149,Resumen!$B$4) -> 0 | I30: =+COUNTIFS(Agents!K$2:K$149,Resumen!$B30,Agents!$Z$2:$Z$149,Resumen!$B$4) -> 0
B31: LOA | C31: =+COUNTIFS(Agents!E$2:E$149,Resumen!$B31,Agents!$Z$2:$Z$149,Resumen!$B$4) -> 0 | D31: =+COUNTIFS(Agents!F$2:F$149,Resumen!$B31,Agents!$Z$2:$Z$149,Resumen!$B$4) -> 0 | E31: =+COUNTIFS(Agents!G$2:G$149,Resumen!$B31,Agents!$Z$2:$Z$149,Resumen!$B$4) -> 0 | F31: =+COUNTIFS(Agents!H$2:H$149,Resumen!$B31,Agents!$Z$2:$Z$149,Resumen!$B$4) -> 0 | G31: =+COUNTIFS(Agents!I$2:I$149,Resumen!$B31,Agents!$Z$2:$Z$149,Resumen!$B$4) -> 0 | H31: =+COUNTIFS(Agents!J$2:J$149,Resumen!$B31,Agents!$Z$2:$Z$149,Resumen!$B$4) -> 0 | I31: =+COUNTIFS(Agents!K$2:K$149,Resumen!$B31,Agents!$Z$2:$Z$149,Resumen!$B$4) -> 0
B32: OFF | C32: =+COUNTIFS(Agents!E$2:E$149,Resumen!$B32,Agents!$Z$2:$Z$149,Resumen!$B$4) -> 0 | D32: =+COUNTIFS(Agents!F$2:F$149,Resumen!$B32,Agents!$Z$2:$Z$149,Resumen!$B$4) -> 0 | E32: =+COUNTIFS(Agents!G$2:G$149,Resumen!$B32,Agents!$Z$2:$Z$149,Resumen!$B$4) -> 0 | F32: =+COUNTIFS(Agents!H$2:H$149,Resumen!$B32,Agents!$Z$2:$Z$149,Resumen!$B$4) -> 0 | G32: =+COUNTIFS(Agents!I$2:I$149,Resumen!$B32,Agents!$Z$2:$Z$149,Resumen!$B$4) -> 0 | H32: =+COUNTIFS(Agents!J$2:J$149,Resumen!$B32,Agents!$Z$2:$Z$149,Resumen!$B$4) -> 0 | I32: =+COUNTIFS(Agents!K$2:K$149,Resumen!$B32,Agents!$Z$2:$Z$149,Resumen!$B$4) -> 0
B33: Study Day | C33: =+COUNTIFS(Agents!E$2:E$149,Resumen!$B33,Agents!$Z$2:$Z$149,Resumen!$B$4) -> 0 | D33: =+COUNTIFS(Agents!F$2:F$149,Resumen!$B33,Agents!$Z$2:$Z$149,Resumen!$B$4) -> 0 | E33: =+COUNTIFS(Agents!G$2:G$149,Resumen!$B33,Agents!$Z$2:$Z$149,Resumen!$B$4) -> 0 | F33: =+COUNTIFS(Agents!H$2:H$149,Resumen!$B33,Agents!$Z$2:$Z$149,Resumen!$B$4) -> 0 | G33: =+COUNTIFS(Agents!I$2:I$149,Resumen!$B33,Agents!$Z$2:$Z$149,Resumen!$B$4) -> 0 | H33: =+COUNTIFS(Agents!J$2:J$149,Resumen!$B33,Agents!$Z$2:$Z$149,Resumen!$B$4) -> 0 | I33: =+COUNTIFS(Agents!K$2:K$149,Resumen!$B33,Agents!$Z$2:$Z$149,Resumen!$B$4) -> 0
B34: VAC | C34: =+COUNTIFS(Agents!E$2:E$149,Resumen!$B34,Agents!$Z$2:$Z$149,Resumen!$B$4) -> 0 | D34: =+COUNTIFS(Agents!F$2:F$149,Resumen!$B34,Agents!$Z$2:$Z$149,Resumen!$B$4) -> 0 | E34: =+COUNTIFS(Agents!G$2:G$149,Resumen!$B34,Agents!$Z$2:$Z$149,Resumen!$B$4) -> 0 | F34: =+COUNTIFS(Agents!H$2:H$149,Resumen!$B34,Agents!$Z$2:$Z$149,Resumen!$B$4) -> 0 | G34: =+COUNTIFS(Agents!I$2:I$149,Resumen!$B34,Agents!$Z$2:$Z$149,Resumen!$B$4) -> 0 | H34: =+COUNTIFS(Agents!J$2:J$149,Resumen!$B34,Agents!$Z$2:$Z$149,Resumen!$B$4) -> 0 | I34: =+COUNTIFS(Agents!K$2:K$149,Resumen!$B34,Agents!$Z$2:$Z$149,Resumen!$B$4) -> 0
B35: SUS | C35: =+COUNTIFS(Agents!E$2:E$149,Resumen!$B35,Agents!$Z$2:$Z$149,Resumen!$B$4) -> 0 | D35: =+COUNTIFS(Agents!F$2:F$149,Resumen!$B35,Agents!$Z$2:$Z$149,Resumen!$B$4) -> 0 | E35: =+COUNTIFS(Agents!G$2:G$149,Resumen!$B35,Agents!$Z$2:$Z$149,Resumen!$B$4) -> 0 | F35: =+COUNTIFS(Agents!H$2:H$149,Resumen!$B35,Agents!$Z$2:$Z$149,Resumen!$B$4) -> 0 | G35: =+COUNTIFS(Agents!I$2:I$149,Resumen!$B35,Agents!$Z$2:$Z$149,Resumen!$B$4) -> 0 | H35: =+COUNTIFS(Agents!J$2:J$149,Resumen!$B35,Agents!$Z$2:$Z$149,Resumen!$B$4) -> 0 | I35: =+COUNTIFS(Agents!K$2:K$149,Resumen!$B35,Agents!$Z$2:$Z$149,Resumen!$B$4) -> 0
B36: HC Bis | C36: =+C29-SUM(C30:C35) -> 0 | D36: =+D29-SUM(D30:D35) -> 0 | E36: =+E29-SUM(E30:E35) -> 0 | F36: =+F29-SUM(F30:F35) -> 0 | G36: =+G29-SUM(G30:G35) -> 0 | H36: =+H29-SUM(H30:H35) -> 0 | I36: =+I29-SUM(I30:I35) -> 0
B37: HC Total Inbound Neto | C37: =+C29-C32-C30 -> 0 | D37: =+D29-D32-D30 -> 0 | E37: =+E29-E32-E30 -> 0 | F37: =+F29-F32-F30 -> 0 | G37: =+G29-G32-G30 -> 0 | H37: =+H29-H32-H30 -> 0 | I37: =+I29-I32-I30 -> 0
C39: =+C28 -> Sunday | D39: =+D28 -> Monday | E39: =+E28 -> Tuesday | F39: =+F28 -> Wednesday | G39: =+G28 -> Thrusday | H39: =+H28 -> Friday | I39: =+I28 -> Saturday
B40: Hs, Total Inbound | C40: =+SUMIF(Agents!$Z$2:$Z$149,Resumen!$B$4,Agents!O$2:O$149) -> 0 | D40: =+SUMIF(Agents!$Z$2:$Z$149,Resumen!$B$4,Agents!P$2:P$149) -> 0 | E40: =+SUMIF(Agents!$Z$2:$Z$149,Resumen!$B$4,Agents!Q$2:Q$149) -> 0 | F40: =+SUMIF(Agents!$Z$2:$Z$149,Resumen!$B$4,Agents!R$2:R$149) -> 0 | G40: =+SUMIF(Agents!$Z$2:$Z$149,Resumen!$B$4,Agents!S$2:S$149) -> 0 | H40: =+SUMIF(Agents!$Z$2:$Z$149,Resumen!$B$4,Agents!T$2:T$149) -> 0 | I40: =+SUMIF(Agents!$Z$2:$Z$149,Resumen!$B$4,Agents!U$2:U$149) -> 0
B41: Shift Avg. | C41: =IFERROR(C40/C36,0) -> 0 | D41: =IFERROR(D40/D36,0) -> 0 | E41: =IFERROR(E40/E36,0) -> 0 | F41: =IFERROR(F40/F36,0) -> 0 | G41: =IFERROR(G40/G36,0) -> 0 | H41: =IFERROR(H40/H36,0) -> 0 | I41: =IFERROR(I40/I36,0) -> 0
B43: Downselling
C45: Sunday | D45: Monday | E45: Tuesday | F45: Wednesday | G45: Thrusday | H45: Friday | I45: Saturday
B46: HC Total Inbound | C46: =+COUNTIF(Agents!$Z$2:$Z$149,Resumen!B5) -> 0 | D46: =+C46 -> 0 | E46: =+D46 -> 0 | F46: =+E46 -> 0 | G46: =+F46 -> 0 | H46: =+G46 -> 0 | I46: =+H46 -> 0
B47: Approved OFF | C47: =+COUNTIFS(Agents!E$2:E$149,Resumen!$B47,Agents!$Z$2:$Z$149,Resumen!$B$5) -> 0 | D47: =+COUNTIFS(Agents!F$2:F$149,Resumen!$B47,Agents!$Z$2:$Z$149,Resumen!$B$5) -> 0 | E47: =+COUNTIFS(Agents!G$2:G$149,Resumen!$B47,Agents!$Z$2:$Z$149,Resumen!$B$5) -> 0 | F47: =+COUNTIFS(Agents!H$2:H$149,Resumen!$B47,Agents!$Z$2:$Z$149,Resumen!$B$5) -> 0 | G47: =+COUNTIFS(Agents!I$2:I$149,Resumen!$B47,Agents!$Z$2:$Z$149,Resumen!$B$5) -> 0 | H47: =+COUNTIFS(Agents!J$2:J$149,Resumen!$B47,Agents!$Z$2:$Z$149,Resumen!$B$5) -> 0 | I47: =+COUNTIFS(Agents!K$2:K$149,Resumen!$B47,Agents!$Z$2:$Z$149,Resumen!$B$5) -> 0
B48: LOA | C48: =+COUNTIFS(Agents!E$2:E$149,Resumen!$B48,Agents!$Z$2:$Z$149,Resumen!$B$5) -> 0 | D48: =+COUNTIFS(Agents!F$2:F$149,Resumen!$B48,Agents!$Z$2:$Z$149,Resumen!$B$5) -> 0 | E48: =+COUNTIFS(Agents!G$2:G$149,Resumen!$B48,Agents!$Z$2:$Z$149,Resumen!$B$5) -> 0 | F48: =+COUNTIFS(Agents!H$2:H$149,Resumen!$B48,Agents!$Z$2:$Z$149,Resumen!$B$5) -> 0 | G48: =+COUNTIFS(Agents!I$2:I$149,Resumen!$B48,Agents!$Z$2:$Z$149,Resumen!$B$5) -> 0 | H48: =+COUNTIFS(Agents!J$2:J$149,Resumen!$B48,Agents!$Z$2:$Z$149,Resumen!$B$5) -> 0 | I48: =+COUNTIFS(Agents!K$2:K$149,Resumen!$B48,Agents!$Z$2:$Z$149,Resumen!$B$5) -> 0
B49: OFF | C49: =+COUNTIFS(Agents!E$2:E$149,Resumen!$B49,Agents!$Z$2:$Z$149,Resumen!$B$5) -> 0 | D49: =+COUNTIFS(Agents!F$2:F$149,Resumen!$B49,Agents!$Z$2:$Z$149,Resumen!$B$5) -> 0 | E49: =+COUNTIFS(Agents!G$2:G$149,Resumen!$B49,Agents!$Z$2:$Z$149,Resumen!$B$5) -> 0 | F49: =+COUNTIFS(Agents!H$2:H$149,Resumen!$B49,Agents!$Z$2:$Z$149,Resumen!$B$5) -> 0 | G49: =+COUNTIFS(Agents!I$2:I$149,Resumen!$B49,Agents!$Z$2:$Z$149,Resumen!$B$5) -> 0 | H49: =+COUNTIFS(Agents!J$2:J$149,Resumen!$B49,Agents!$Z$2:$Z$149,Resumen!$B$5) -> 0 | I49: =+COUNTIFS(Agents!K$2:K$149,Resumen!$B49,Agents!$Z$2:$Z$149,Resumen!$B$5) -> 0
B50: Study Day | C50: =+COUNTIFS(Agents!E$2:E$149,Resumen!$B50,Agents!$Z$2:$Z$149,Resumen!$B$5) -> 0 | D50: =+COUNTIFS(Agents!F$2:F$149,Resumen!$B50,Agents!$Z$2:$Z$149,Resumen!$B$5) -> 0 | E50: =+COUNTIFS(Agents!G$2:G$149,Resumen!$B50,Agents!$Z$2:$Z$149,Resumen!$B$5) -> 0 | F50: =+COUNTIFS(Agents!H$2:H$149,Resumen!$B50,Agents!$Z$2:$Z$149,Resumen!$B$5) -> 0 | G50: =+COUNTIFS(Agents!I$2:I$149,Resumen!$B50,Agents!$Z$2:$Z$149,Resumen!$B$5) -> 0 | H50: =+COUNTIFS(Agents!J$2:J$149,Resumen!$B50,Agents!$Z$2:$Z$149,Resumen!$B$5) -> 0 | I50: =+COUNTIFS(Agents!K$2:K$149,Resumen!$B50,Agents!$Z$2:$Z$149,Resumen!$B$5) -> 0
B51: VAC | C51: =+COUNTIFS(Agents!E$2:E$149,Resumen!$B51,Agents!$Z$2:$Z$149,Resumen!$B$5) -> 0 | D51: =+COUNTIFS(Agents!F$2:F$149,Resumen!$B51,Agents!$Z$2:$Z$149,Resumen!$B$5) -> 0 | E51: =+COUNTIFS(Agents!G$2:G$149,Resumen!$B51,Agents!$Z$2:$Z$149,Resumen!$B$5) -> 0 | F51: =+COUNTIFS(Agents!H$2:H$149,Resumen!$B51,Agents!$Z$2:$Z$149,Resumen!$B$5) -> 0 | G51: =+COUNTIFS(Agents!I$2:I$149,Resumen!$B51,Agents!$Z$2:$Z$149,Resumen!$B$5) -> 0 | H51: =+COUNTIFS(Agents!J$2:J$149,Resumen!$B51,Agents!$Z$2:$Z$149,Resumen!$B$5) -> 0 | I51: =+COUNTIFS(Agents!K$2:K$149,Resumen!$B51,Agents!$Z$2:$Z$149,Resumen!$B$5) -> 0
B52: SUS | C52: =+COUNTIFS(Agents!E$2:E$149,Resumen!$B52,Agents!$Z$2:$Z$149,Resumen!$B$5) -> 0 | D52: =+COUNTIFS(Agents!F$2:F$149,Resumen!$B52,Agents!$Z$2:$Z$149,Resumen!$B$5) -> 0 | E52: =+COUNTIFS(Agents!G$2:G$149,Resumen!$B52,Agents!$Z$2:$Z$149,Resumen!$B$5) -> 0 | F52: =+COUNTIFS(Agents!H$2:H$149,Resumen!$B52,Agents!$Z$2:$Z$149,Resumen!$B$5) -> 0 | G52: =+COUNTIFS(Agents!I$2:I$149,Resumen!$B52,Agents!$Z$2:$Z$149,Resumen!$B$5) -> 0 | H52: =+COUNTIFS(Agents!J$2:J$149,Resumen!$B52,Agents!$Z$2:$Z$149,Resumen!$B$5) -> 0 | I52: =+COUNTIFS(Agents!K$2:K$149,Resumen!$B52,Agents!$Z$2:$Z$149,Resumen!$B$5) -> 0
B53: HC Bis | C53: =+C46-SUM(C47:C52) -> 0 | D53: =+D46-SUM(D47:D52) -> 0 | E53: =+E46-SUM(E47:E52) -> 0 | F53: =+F46-SUM(F47:F52) -> 0 | G53: =+G46-SUM(G47:G52) -> 0 | H53: =+H46-SUM(H47:H52) -> 0 | I53: =+I46-SUM(I47:I52) -> 0
B54: HC Total Inbound Neto | C54: =+C46-C49-C47 -> 0 | D54: =+D46-D49-D47 -> 0 | E54: =+E46-E49-E47 -> 0 | F54: =+F46-F49-F47 -> 0 | G54: =+G46-G49-G47 -> 0 | H54: =+H46-H49-H47 -> 0 | I54: =+I46-I49-I47 -> 0
C56: =+C45 -> Sunday | D56: =+D45 -> Monday | E56: =+E45 -> Tuesday | F56: =+F45 -> Wednesday | G56: =+G45 -> Thrusday | H56: =+H45 -> Friday | I56: =+I45 -> Saturday
B57: Hs, Total Inbound | C57: =+SUMIF(Agents!$Z$2:$Z$149,Resumen!$B$5,Agents!O$2:O$149) -> 0 | D57: =+SUMIF(Agents!$Z$2:$Z$149,Resumen!$B$5,Agents!P$2:P$149) -> 0 | E57: =+SUMIF(Agents!$Z$2:$Z$149,Resumen!$B$5,Agents!Q$2:Q$149) -> 0 | F57: =+SUMIF(Agents!$Z$2:$Z$149,Resumen!$B$5,Agents!R$2:R$149) -> 0 | G57: =+SUMIF(Agents!$Z$2:$Z$149,Resumen!$B$5,Agents!S$2:S$149) -> 0 | H57: =+SUMIF(Agents!$Z$2:$Z$149,Resumen!$B$5,Agents!T$2:T$149) -> 0 | I57: =+SUMIF(Agents!$Z$2:$Z$149,Resumen!$B$5,Agents!U$2:U$149) -> 0
B58: Shift Avg. | C58: =IFERROR(C57/C53,0) -> 0 | D58: =IFERROR(D57/D53,0) -> 0 | E58: =IFERROR(E57/E53,0) -> 0 | F58: =IFERROR(F57/F53,0) -> 0 | G58: =IFERROR(G57/G53,0) -> 0 | H58: =IFERROR(H57/H53,0) -> 0 | I58: =IFERROR(I57/I53,0) -> 0
B60: Retención Red Preferida
C62: Sunday | D62: Monday | E62: Tuesday | F62: Wednesday | G62: Thrusday | H62: Friday | I62: Saturday
B63: HC Total Inbound | C63: =+COUNTIF(Agents!$Z$2:$Z$149,Resumen!B6) -> 0 | D63: =+C63 -> 0 | E63: =+D63 -> 0 | F63: =+E63 -> 0 | G63: =+F63 -> 0 | H63: =+G63 -> 0 | I63: =+H63 -> 0
B64: Approved OFF | C64: =+COUNTIFS(Agents!E$2:E$149,Resumen!$B64,Agents!$Z$2:$Z$149,Resumen!$B$6) -> 0 | D64: =+COUNTIFS(Agents!F$2:F$149,Resumen!$B64,Agents!$Z$2:$Z$149,Resumen!$B$3) -> 0 | E64: =+COUNTIFS(Agents!G$2:G$149,Resumen!$B64,Agents!$Z$2:$Z$149,Resumen!$B$3) -> 0 | F64: =+COUNTIFS(Agents!H$2:H$149,Resumen!$B64,Agents!$Z$2:$Z$149,Resumen!$B$3) -> 0 | G64: =+COUNTIFS(Agents!I$2:I$149,Resumen!$B64,Agents!$Z$2:$Z$149,Resumen!$B$3) -> 0 | H64: =+COUNTIFS(Agents!J$2:J$149,Resumen!$B64,Agents!$Z$2:$Z$149,Resumen!$B$3) -> 0 | I64: =+COUNTIFS(Agents!K$2:K$149,Resumen!$B64,Agents!$Z$2:$Z$149,Resumen!$B$3) -> 0
B65: LOA | C65: =+COUNTIFS(Agents!E$2:E$149,Resumen!$B65,Agents!$Z$2:$Z$149,Resumen!$B$6) -> 0 | D65: =+COUNTIFS(Agents!F$2:F$149,Resumen!$B65,Agents!$Z$2:$Z$149,Resumen!$B$6) -> 0 | E65: =+COUNTIFS(Agents!G$2:G$149,Resumen!$B65,Agents!$Z$2:$Z$149,Resumen!$B$6) -> 0 | F65: =+COUNTIFS(Agents!H$2:H$149,Resumen!$B65,Agents!$Z$2:$Z$149,Resumen!$B$6) -> 0 | G65: =+COUNTIFS(Agents!I$2:I$149,Resumen!$B65,Agents!$Z$2:$Z$149,Resumen!$B$6) -> 0 | H65: =+COUNTIFS(Agents!J$2:J$149,Resumen!$B65,Agents!$Z$2:$Z$149,Resumen!$B$6) -> 0 | I65: =+COUNTIFS(Agents!K$2:K$149,Resumen!$B65,Agents!$Z$2:$Z$149,Resumen!$B$6) -> 0
B66: OFF | C66: =+COUNTIFS(Agents!E$2:E$149,Resumen!$B66,Agents!$Z$2:$Z$149,Resumen!$B$6) -> 0 | D66: =+COUNTIFS(Agents!F$2:F$149,Resumen!$B66,Agents!$Z$2:$Z$149,Resumen!$B$6) -> 0 | E66: =+COUNTIFS(Agents!G$2:G$149,Resumen!$B66,Agents!$Z$2:$Z$149,Resumen!$B$6) -> 0 | F66: =+COUNTIFS(Agents!H$2:H$149,Resumen!$B66,Agents!$Z$2:$Z$149,Resumen!$B$6) -> 0 | G66: =+COUNTIFS(Agents!I$2:I$149,Resumen!$B66,Agents!$Z$2:$Z$149,Resumen!$B$6) -> 0 | H66: =+COUNTIFS(Agents!J$2:J$149,Resumen!$B66,Agents!$Z$2:$Z$149,Resumen!$B$6) -> 0 | I66: =+COUNTIFS(Agents!K$2:K$149,Resumen!$B66,Agents!$Z$2:$Z$149,Resumen!$B$6) -> 0
B67: Study Day | C67: =+COUNTIFS(Agents!E$2:E$149,Resumen!$B67,Agents!$Z$2:$Z$149,Resumen!$B$6) -> 0 | D67: =+COUNTIFS(Agents!F$2:F$149,Resumen!$B67,Agents!$Z$2:$Z$149,Resumen!$B$6) -> 0 | E67: =+COUNTIFS(Agents!G$2:G$149,Resumen!$B67,Agents!$Z$2:$Z$149,Resumen!$B$6) -> 0 | F67: =+COUNTIFS(Agents!H$2:H$149,Resumen!$B67,Agents!$Z$2:$Z$149,Resumen!$B$6) -> 0 | G67: =+COUNTIFS(Agents!I$2:I$149,Resumen!$B67,Agents!$Z$2:$Z$149,Resumen!$B$6) -> 0 | H67: =+COUNTIFS(Agents!J$2:J$149,Resumen!$B67,Agents!$Z$2:$Z$149,Resumen!$B$6) -> 0 | I67: =+COUNTIFS(Agents!K$2:K$149,Resumen!$B67,Agents!$Z$2:$Z$149,Resumen!$B$6) -> 0
B68: VAC | C68: =+COUNTIFS(Agents!E$2:E$149,Resumen!$B68,Agents!$Z$2:$Z$149,Resumen!$B$6) -> 0 | D68: =+COUNTIFS(Agents!F$2:F$149,Resumen!$B68,Agents!$Z$2:$Z$149,Resumen!$B$6) -> 0 | E68: =+COUNTIFS(Agents!G$2:G$149,Resumen!$B68,Agents!$Z$2:$Z$149,Resumen!$B$6) -> 0 | F68: =+COUNTIFS(Agents!H$2:H$149,Resumen!$B68,Agents!$Z$2:$Z$149,Resumen!$B$6) -> 0 | G68: =+COUNTIFS(Agents!I$2:I$149,Resumen!$B68,Agents!$Z$2:$Z$149,Resumen!$B$6) -> 0 | H68: =+COUNTIFS(Agents!J$2:J$149,Resumen!$B68,Agents!$Z$2:$Z$149,Resumen!$B$6) -> 0 | I68: =+COUNTIFS(Agents!K$2:K$149,Resumen!$B68,Agents!$Z$2:$Z$149,Resumen!$B$6) -> 0
B69: SUS | C69: =+COUNTIFS(Agents!E$2:E$149,Resumen!$B69,Agents!$Z$2:$Z$149,Resumen!$B$6) -> 0 | D69: =+COUNTIFS(Agents!F$2:F$149,Resumen!$B69,Agents!$Z$2:$Z$149,Resumen!$B$6) -> 0 | E69: =+COUNTIFS(Agents!G$2:G$149,Resumen!$B69,Agents!$Z$2:$Z$149,Resumen!$B$6) -> 0 | F69: =+COUNTIFS(Agents!H$2:H$149,Resumen!$B69,Agents!$Z$2:$Z$149,Resumen!$B$6) -> 0 | G69: =+COUNTIFS(Agents!I$2:I$149,Resumen!$B69,Agents!$Z$2:$Z$149,Resumen!$B$6) -> 0 | H69: =+COUNTIFS(Agents!J$2:J$149,Resumen!$B69,Agents!$Z$2:$Z$149,Resumen!$B$6) -> 0 | I69: =+COUNTIFS(Agents!K$2:K$149,Resumen!$B69,Agents!$Z$2:$Z$149,Resumen!$B$6) -> 0
B70: HC Bis | C70: =+C63-SUM(C64:C69) -> 0 | D70: =+D63-SUM(D64:D69) -> 0 | E70: =+E63-SUM(E64:E69) -> 0 | F70: =+F63-SUM(F64:F69) -> 0 | G70: =+G63-SUM(G64:G69) -> 0 | H70: =+H63-SUM(H64:H69) -> 0 | I70: =+I63-SUM(I64:I69) -> 0
B71: HC Total Inbound Neto | C71: =+C63-C66-C64 -> 0 | D71: =+D63-D66-D64 -> 0 | E71: =+E63-E66-E64 -> 0 | F71: =+F63-F66-F64 -> 0 | G71: =+G63-G66-G64 -> 0 | H71: =+H63-H66-H64 -> 0 | I71: =+I63-I66-I64 -> 0
C73: =+C62 -> Sunday | D73: =+D62 -> Monday | E73: =+E62 -> Tuesday | F73: =+F62 -> Wednesday | G73: =+G62 -> Thrusday | H73: =+H62 -> Friday | I73: =+I62 -> Saturday
B74: Hs, Total Inbound | C74: =+SUMIF(Agents!$Z$2:$Z$149,Resumen!$B$6,Agents!O$2:O$149) -> 0 | D74: =+SUMIF(Agents!$Z$2:$Z$149,Resumen!$B$6,Agents!P$2:P$149) -> 0 | E74: =+SUMIF(Agents!$Z$2:$Z$149,Resumen!$B$6,Agents!Q$2:Q$149) -> 0 | F74: =+SUMIF(Agents!$Z$2:$Z$149,Resumen!$B$6,Agents!R$2:R$149) -> 0 | G74: =+SUMIF(Agents!$Z$2:$Z$149,Resumen!$B$6,Agents!S$2:S$149) -> 0 | H74: =+SUMIF(Agents!$Z$2:$Z$149,Resumen!$B$6,Agents!T$2:T$149) -> 0 | I74: =+SUMIF(Agents!$Z$2:$Z$149,Resumen!$B$6,Agents!U$2:U$149) -> 0
B75: Shift Avg. | C75: =IFERROR(C74/C70,0) -> 0 | D75: =IFERROR(D74/D70,0) -> 0 | E75: =IFERROR(E74/E70,0) -> 0 | F75: =IFERROR(F74/F70,0) -> 0 | G75: =IFERROR(G74/G70,0) -> 0 | H75: =IFERROR(H74/H70,0) -> 0 | I75: =IFERROR(I74/I70,0) -> 0
